file,name_ko,cat20,prompt
"refrigerator-01","냉장고","대형가전","A bright clean premium 3D icon, isometric, soft studio lighting, subtle soft drop shadow, transparent background, glossy rounded style, centered, 1:1, no text no logo no watermark, of a refrigerator"
"side-by-side-refrigerator-01","양문형냉장고","대형가전","A bright clean premium 3D icon, isometric, soft studio lighting, subtle soft drop shadow, transparent background, glossy rounded style, centered, 1:1, no text no logo no watermark, of a side by side refrigerator"
"four-door-refrigerator-01","4도어냉장고","대형가전","A bright clean premium 3D icon, isometric, soft studio lighting, subtle soft drop shadow, transparent background, glossy rounded style, centered, 1:1, no text no logo no watermark, of a four door refrigerator"
"kimchi-refrigerator-01","김치냉장고","대형가전","A bright clean premium 3D icon, isometric, soft studio lighting, subtle soft drop shadow, transparent background, glossy rounded style, centered, 1:1, no text no logo no watermark, of a kimchi refrigerator"
"kimchi-standing-refrigerator-01","스탠드김치냉장고","대형가전","A bright clean premium 3D icon, isometric, soft studio lighting, subtle soft drop shadow, transparent background, glossy rounded style, centered, 1:1, no text no logo no watermark, of a kimchi standing refrigerator"
"kimchi-chest-refrigerator-01","뚜껑형김치냉장고","대형가전","A bright clean premium 3D icon, isometric, soft studio lighting, subtle soft drop shadow, transparent background, glossy rounded style, centered, 1:1, no text no logo no watermark, of a kimchi chest refrigerator"
"mini-refrigerator-01","미니냉장고","대형가전","A bright clean premium 3D icon, isometric, soft studio lighting, subtle soft drop shadow, transparent background, glossy rounded style, centered, 1:1, no text no logo no watermark, of a mini refrigerator"
"water-purifier-refrigerator-01","정수기냉장고","대형가전","A bright clean premium 3D icon, isometric, soft studio lighting, subtle soft drop shadow, transparent background, glossy rounded style, centered, 1:1, no text no logo no watermark, of a water purifier refrigerator"
"freezer-01","냉동고","대형가전","A bright clean premium 3D icon, isometric, soft studio lighting, subtle soft drop shadow, transparent background, glossy rounded style, centered, 1:1, no text no logo no watermark, of a freezer"
"wine-cellar-01","와인셀러","대형가전","A bright clean premium 3D icon, isometric, soft studio lighting, subtle soft drop shadow, transparent background, glossy rounded style, centered, 1:1, no text no logo no watermark, of a wine cellar"
"washing-machine-01","세탁기","대형가전","A bright clean premium 3D icon, isometric, soft studio lighting, subtle soft drop shadow, transparent background, glossy rounded style, centered, 1:1, no text no logo no watermark, of a washing machine"
"top-load-washer-01","통돌이세탁기","대형가전","A bright clean premium 3D icon, isometric, soft studio lighting, subtle soft drop shadow, transparent background, glossy rounded style, centered, 1:1, no text no logo no watermark, of a top load washer"
"drum-washing-machine-01","드럼세탁기","대형가전","A bright clean premium 3D icon, isometric, soft studio lighting, subtle soft drop shadow, transparent background, glossy rounded style, centered, 1:1, no text no logo no watermark, of a drum washing machine"
"clothes-dryer-01","건조기","대형가전","A bright clean premium 3D icon, isometric, soft studio lighting, subtle soft drop shadow, transparent background, glossy rounded style, centered, 1:1, no text no logo no watermark, of a clothes dryer"
"wash-tower-01","워시타워","대형가전","A bright clean premium 3D icon, isometric, soft studio lighting, subtle soft drop shadow, transparent background, glossy rounded style, centered, 1:1, no text no logo no watermark, of a wash tower"
"dryer-tower-01","의류건조기타워","대형가전","A bright clean premium 3D icon, isometric, soft studio lighting, subtle soft drop shadow, transparent background, glossy rounded style, centered, 1:1, no text no logo no watermark, of a dryer tower"
"clothes-styler-01","스타일러","대형가전","A bright clean premium 3D icon, isometric, soft studio lighting, subtle soft drop shadow, transparent background, glossy rounded style, centered, 1:1, no text no logo no watermark, of a clothes styler"
"clothing-care-machine-01","의류관리기","대형가전","A bright clean premium 3D icon, isometric, soft studio lighting, subtle soft drop shadow, transparent background, glossy rounded style, centered, 1:1, no text no logo no watermark, of a clothing care machine"
"dishwasher-01","식기세척기","대형가전","A bright clean premium 3D icon, isometric, soft studio lighting, subtle soft drop shadow, transparent background, glossy rounded style, centered, 1:1, no text no logo no watermark, of a dishwasher"
"builtin-dishwasher-01","빌트인식기세척기","대형가전","A bright clean premium 3D icon, isometric, soft studio lighting, subtle soft drop shadow, transparent background, glossy rounded style, centered, 1:1, no text no logo no watermark, of a builtin dishwasher"
"electric-oven-01","전기오븐","대형가전","A bright clean premium 3D icon, isometric, soft studio lighting, subtle soft drop shadow, transparent background, glossy rounded style, centered, 1:1, no text no logo no watermark, of a electric oven"
"gas-oven-range-01","가스오븐레인지","대형가전","A bright clean premium 3D icon, isometric, soft studio lighting, subtle soft drop shadow, transparent background, glossy rounded style, centered, 1:1, no text no logo no watermark, of a gas oven range"
"light-wave-oven-01","광파오븐","대형가전","A bright clean premium 3D icon, isometric, soft studio lighting, subtle soft drop shadow, transparent background, glossy rounded style, centered, 1:1, no text no logo no watermark, of a light wave oven"
"massage-chair-01","안마의자","대형가전","A bright clean premium 3D icon, isometric, soft studio lighting, subtle soft drop shadow, transparent background, glossy rounded style, centered, 1:1, no text no logo no watermark, of a massage chair"
"bodyfriend-massage-chair-01","바디프렌드안마의자","대형가전","A bright clean premium 3D icon, isometric, soft studio lighting, subtle soft drop shadow, transparent background, glossy rounded style, centered, 1:1, no text no logo no watermark, of a bodyfriend massage chair"
"ceragem-massager-01","세라젬마사지기","대형가전","A bright clean premium 3D icon, isometric, soft studio lighting, subtle soft drop shadow, transparent background, glossy rounded style, centered, 1:1, no text no logo no watermark, of a ceragem massager"
"motion-bed-01","모션베드","대형가전","A bright clean premium 3D icon, isometric, soft studio lighting, subtle soft drop shadow, transparent background, glossy rounded style, centered, 1:1, no text no logo no watermark, of a motion bed"
"electric-adjustable-bed-01","전동침대","대형가전","A bright clean premium 3D icon, isometric, soft studio lighting, subtle soft drop shadow, transparent background, glossy rounded style, centered, 1:1, no text no logo no watermark, of a electric adjustable bed"
"large-tv-stand-01","대형TV스탠드","대형가전","A bright clean premium 3D icon, isometric, soft studio lighting, subtle soft drop shadow, transparent background, glossy rounded style, centered, 1:1, no text no logo no watermark, of a large tv stand"
"large-wall-air-conditioner-01","벽걸이대형에어컨","대형가전","A bright clean premium 3D icon, isometric, soft studio lighting, subtle soft drop shadow, transparent background, glossy rounded style, centered, 1:1, no text no logo no watermark, of a large wall air conditioner"
"stand-air-conditioner-01","스탠드에어컨","대형가전","A bright clean premium 3D icon, isometric, soft studio lighting, subtle soft drop shadow, transparent background, glossy rounded style, centered, 1:1, no text no logo no watermark, of a stand air conditioner"
"system-air-conditioner-01","시스템에어컨","대형가전","A bright clean premium 3D icon, isometric, soft studio lighting, subtle soft drop shadow, transparent background, glossy rounded style, centered, 1:1, no text no logo no watermark, of a system air conditioner"
"hot-water-mat-boiler-01","온수매트보일러","대형가전","A bright clean premium 3D icon, isometric, soft studio lighting, subtle soft drop shadow, transparent background, glossy rounded style, centered, 1:1, no text no logo no watermark, of a hot water mat boiler"
"large-air-purifier-01","대형공기청정기","대형가전","A bright clean premium 3D icon, isometric, soft studio lighting, subtle soft drop shadow, transparent background, glossy rounded style, centered, 1:1, no text no logo no watermark, of a large air purifier"
"ice-maker-01","가정용제빙기","대형가전","A bright clean premium 3D icon, isometric, soft studio lighting, subtle soft drop shadow, transparent background, glossy rounded style, centered, 1:1, no text no logo no watermark, of a ice maker"
"commercial-refrigerator-01","업소용냉장고","대형가전","A bright clean premium 3D icon, isometric, soft studio lighting, subtle soft drop shadow, transparent background, glossy rounded style, centered, 1:1, no text no logo no watermark, of a commercial refrigerator"
"commercial-freezer-01","업소용냉동고","대형가전","A bright clean premium 3D icon, isometric, soft studio lighting, subtle soft drop shadow, transparent background, glossy rounded style, centered, 1:1, no text no logo no watermark, of a commercial freezer"
"showcase-refrigerator-01","쇼케이스냉장고","대형가전","A bright clean premium 3D icon, isometric, soft studio lighting, subtle soft drop shadow, transparent background, glossy rounded style, centered, 1:1, no text no logo no watermark, of a showcase refrigerator"
"large-kimchi-refrigerator-01","대형김치냉장고","대형가전","A bright clean premium 3D icon, isometric, soft studio lighting, subtle soft drop shadow, transparent background, glossy rounded style, centered, 1:1, no text no logo no watermark, of a large kimchi refrigerator"
"builtin-refrigerator-01","빌트인냉장고","대형가전","A bright clean premium 3D icon, isometric, soft studio lighting, subtle soft drop shadow, transparent background, glossy rounded style, centered, 1:1, no text no logo no watermark, of a builtin refrigerator"
"washer-dryer-combo-01","세탁건조겸용기","대형가전","A bright clean premium 3D icon, isometric, soft studio lighting, subtle soft drop shadow, transparent background, glossy rounded style, centered, 1:1, no text no logo no watermark, of a washer dryer combo"
"large-water-purifier-01","대형정수기","대형가전","A bright clean premium 3D icon, isometric, soft studio lighting, subtle soft drop shadow, transparent background, glossy rounded style, centered, 1:1, no text no logo no watermark, of a large water purifier"
"water-softener-01","연수기","대형가전","A bright clean premium 3D icon, isometric, soft studio lighting, subtle soft drop shadow, transparent background, glossy rounded style, centered, 1:1, no text no logo no watermark, of a water softener"
"tv-75-inch-01","대형TV75인치","대형가전","A bright clean premium 3D icon, isometric, soft studio lighting, subtle soft drop shadow, transparent background, glossy rounded style, centered, 1:1, no text no logo no watermark, of a tv 75 inch"
"tv-85-inch-01","대형TV85인치","대형가전","A bright clean premium 3D icon, isometric, soft studio lighting, subtle soft drop shadow, transparent background, glossy rounded style, centered, 1:1, no text no logo no watermark, of a tv 85 inch"
"fireplace-heater-01","벽난로히터","대형가전","A bright clean premium 3D icon, isometric, soft studio lighting, subtle soft drop shadow, transparent background, glossy rounded style, centered, 1:1, no text no logo no watermark, of a fireplace heater"
"four-door-kimchi-refrigerator-01","김치냉장고4도어","대형가전","A bright clean premium 3D icon, isometric, soft studio lighting, subtle soft drop shadow, transparent background, glossy rounded style, centered, 1:1, no text no logo no watermark, of a four door kimchi refrigerator"
"hot-cold-water-purifier-01","냉온정수기","대형가전","A bright clean premium 3D icon, isometric, soft studio lighting, subtle soft drop shadow, transparent background, glossy rounded style, centered, 1:1, no text no logo no watermark, of a hot cold water purifier"
"home-massage-bed-01","가정용안마베드","대형가전","A bright clean premium 3D icon, isometric, soft studio lighting, subtle soft drop shadow, transparent background, glossy rounded style, centered, 1:1, no text no logo no watermark, of a home massage bed"
"kimchi-stand-refrigerator-01","김치스텐드냉장고","대형가전","A bright clean premium 3D icon, isometric, soft studio lighting, subtle soft drop shadow, transparent background, glossy rounded style, centered, 1:1, no text no logo no watermark, of a kimchi stand refrigerator"
"ceragem-01","세라잼","대형가전","A bright clean premium 3D icon, isometric, soft studio lighting, subtle soft drop shadow, transparent background, glossy rounded style, centered, 1:1, no text no logo no watermark, of a ceragem"
"microwave-oven-01","전자레인지","주방가전","A bright clean premium 3D icon, isometric, soft studio lighting, subtle soft drop shadow, transparent background, glossy rounded style, centered, 1:1, no text no logo no watermark, of a microwave oven"
"air-fryer-01","에어프라이어","주방가전","A bright clean premium 3D icon, isometric, soft studio lighting, subtle soft drop shadow, transparent background, glossy rounded style, centered, 1:1, no text no logo no watermark, of a air fryer"
"toaster-01","토스터","주방가전","A bright clean premium 3D icon, isometric, soft studio lighting, subtle soft drop shadow, transparent background, glossy rounded style, centered, 1:1, no text no logo no watermark, of a toaster"
"rice-cooker-01","전기밥솥","주방가전","A bright clean premium 3D icon, isometric, soft studio lighting, subtle soft drop shadow, transparent background, glossy rounded style, centered, 1:1, no text no logo no watermark, of a rice cooker"
"pressure-rice-cooker-01","압력밥솥","주방가전","A bright clean premium 3D icon, isometric, soft studio lighting, subtle soft drop shadow, transparent background, glossy rounded style, centered, 1:1, no text no logo no watermark, of a pressure rice cooker"
"induction-cooktop-01","인덕션","주방가전","A bright clean premium 3D icon, isometric, soft studio lighting, subtle soft drop shadow, transparent background, glossy rounded style, centered, 1:1, no text no logo no watermark, of a induction cooktop"
"highlight-cooktop-01","하이라이트","주방가전","A bright clean premium 3D icon, isometric, soft studio lighting, subtle soft drop shadow, transparent background, glossy rounded style, centered, 1:1, no text no logo no watermark, of a highlight cooktop"
"gas-stove-01","가스레인지","주방가전","A bright clean premium 3D icon, isometric, soft studio lighting, subtle soft drop shadow, transparent background, glossy rounded style, centered, 1:1, no text no logo no watermark, of a gas stove"
"portable-gas-burner-01","휴대용가스버너","주방가전","A bright clean premium 3D icon, isometric, soft studio lighting, subtle soft drop shadow, transparent background, glossy rounded style, centered, 1:1, no text no logo no watermark, of a portable gas burner"
"coffee-machine-01","커피머신","주방가전","A bright clean premium 3D icon, isometric, soft studio lighting, subtle soft drop shadow, transparent background, glossy rounded style, centered, 1:1, no text no logo no watermark, of a coffee machine"
"capsule-coffee-machine-01","캡슐커피머신","주방가전","A bright clean premium 3D icon, isometric, soft studio lighting, subtle soft drop shadow, transparent background, glossy rounded style, centered, 1:1, no text no logo no watermark, of a capsule coffee machine"
"electric-kettle-01","전기포트","주방가전","A bright clean premium 3D icon, isometric, soft studio lighting, subtle soft drop shadow, transparent background, glossy rounded style, centered, 1:1, no text no logo no watermark, of a electric kettle"
"blender-01","믹서기","주방가전","A bright clean premium 3D icon, isometric, soft studio lighting, subtle soft drop shadow, transparent background, glossy rounded style, centered, 1:1, no text no logo no watermark, of a blender"
"hand-blender-01","핸드블렌더","주방가전","A bright clean premium 3D icon, isometric, soft studio lighting, subtle soft drop shadow, transparent background, glossy rounded style, centered, 1:1, no text no logo no watermark, of a hand blender"
"slow-juicer-01","원액기","주방가전","A bright clean premium 3D icon, isometric, soft studio lighting, subtle soft drop shadow, transparent background, glossy rounded style, centered, 1:1, no text no logo no watermark, of a slow juicer"
"juicer-01","착즙기","주방가전","A bright clean premium 3D icon, isometric, soft studio lighting, subtle soft drop shadow, transparent background, glossy rounded style, centered, 1:1, no text no logo no watermark, of a juicer"
"electric-grill-01","전기그릴","주방가전","A bright clean premium 3D icon, isometric, soft studio lighting, subtle soft drop shadow, transparent background, glossy rounded style, centered, 1:1, no text no logo no watermark, of a electric grill"
"sandwich-maker-01","샌드위치메이커","주방가전","A bright clean premium 3D icon, isometric, soft studio lighting, subtle soft drop shadow, transparent background, glossy rounded style, centered, 1:1, no text no logo no watermark, of a sandwich maker"
"waffle-maker-01","와플메이커","주방가전","A bright clean premium 3D icon, isometric, soft studio lighting, subtle soft drop shadow, transparent background, glossy rounded style, centered, 1:1, no text no logo no watermark, of a waffle maker"
"electric-pot-01","전기냄비","주방가전","A bright clean premium 3D icon, isometric, soft studio lighting, subtle soft drop shadow, transparent background, glossy rounded style, centered, 1:1, no text no logo no watermark, of a electric pot"
"electric-frying-pan-01","전기프라이팬","주방가전","A bright clean premium 3D icon, isometric, soft studio lighting, subtle soft drop shadow, transparent background, glossy rounded style, centered, 1:1, no text no logo no watermark, of a electric frying pan"
"multi-cooker-01","멀티쿠커","주방가전","A bright clean premium 3D icon, isometric, soft studio lighting, subtle soft drop shadow, transparent background, glossy rounded style, centered, 1:1, no text no logo no watermark, of a multi cooker"
"air-fryer-oven-01","에어프라이어오븐","주방가전","A bright clean premium 3D icon, isometric, soft studio lighting, subtle soft drop shadow, transparent background, glossy rounded style, centered, 1:1, no text no logo no watermark, of a air fryer oven"
"noodle-maker-01","가정용제면기","주방가전","A bright clean premium 3D icon, isometric, soft studio lighting, subtle soft drop shadow, transparent background, glossy rounded style, centered, 1:1, no text no logo no watermark, of a noodle maker"
"stand-mixer-01","반죽기","주방가전","A bright clean premium 3D icon, isometric, soft studio lighting, subtle soft drop shadow, transparent background, glossy rounded style, centered, 1:1, no text no logo no watermark, of a stand mixer"
"food-processor-01","푸드프로세서","주방가전","A bright clean premium 3D icon, isometric, soft studio lighting, subtle soft drop shadow, transparent background, glossy rounded style, centered, 1:1, no text no logo no watermark, of a food processor"
"food-dehydrator-01","식품건조기","주방가전","A bright clean premium 3D icon, isometric, soft studio lighting, subtle soft drop shadow, transparent background, glossy rounded style, centered, 1:1, no text no logo no watermark, of a food dehydrator"
"yogurt-maker-01","요구르트제조기","주방가전","A bright clean premium 3D icon, isometric, soft studio lighting, subtle soft drop shadow, transparent background, glossy rounded style, centered, 1:1, no text no logo no watermark, of a yogurt maker"
"bingsu-machine-01","빙수기","주방가전","A bright clean premium 3D icon, isometric, soft studio lighting, subtle soft drop shadow, transparent background, glossy rounded style, centered, 1:1, no text no logo no watermark, of a bingsu machine"
"ice-cream-maker-01","아이스크림메이커","주방가전","A bright clean premium 3D icon, isometric, soft studio lighting, subtle soft drop shadow, transparent background, glossy rounded style, centered, 1:1, no text no logo no watermark, of a ice cream maker"
"rice-milling-machine-01","가정용정미기","주방가전","A bright clean premium 3D icon, isometric, soft studio lighting, subtle soft drop shadow, transparent background, glossy rounded style, centered, 1:1, no text no logo no watermark, of a rice milling machine"
"single-burner-electric-01","전기레인지1구","주방가전","A bright clean premium 3D icon, isometric, soft studio lighting, subtle soft drop shadow, transparent background, glossy rounded style, centered, 1:1, no text no logo no watermark, of a single burner electric"
"mini-oven-01","미니오븐","주방가전","A bright clean premium 3D icon, isometric, soft studio lighting, subtle soft drop shadow, transparent background, glossy rounded style, centered, 1:1, no text no logo no watermark, of a mini oven"
"herb-medicine-pot-01","전기약탕기","주방가전","A bright clean premium 3D icon, isometric, soft studio lighting, subtle soft drop shadow, transparent background, glossy rounded style, centered, 1:1, no text no logo no watermark, of a herb medicine pot"
"double-boiler-cooker-01","중탕기","주방가전","A bright clean premium 3D icon, isometric, soft studio lighting, subtle soft drop shadow, transparent background, glossy rounded style, centered, 1:1, no text no logo no watermark, of a double boiler cooker"
"soda-maker-01","탄산수제조기","주방가전","A bright clean premium 3D icon, isometric, soft studio lighting, subtle soft drop shadow, transparent background, glossy rounded style, centered, 1:1, no text no logo no watermark, of a soda maker"
"cordless-kettle-01","무선전기포트","주방가전","A bright clean premium 3D icon, isometric, soft studio lighting, subtle soft drop shadow, transparent background, glossy rounded style, centered, 1:1, no text no logo no watermark, of a cordless kettle"
"coffee-grinder-01","커피그라인더","주방가전","A bright clean premium 3D icon, isometric, soft studio lighting, subtle soft drop shadow, transparent background, glossy rounded style, centered, 1:1, no text no logo no watermark, of a coffee grinder"
"espresso-machine-01","에스프레소머신","주방가전","A bright clean premium 3D icon, isometric, soft studio lighting, subtle soft drop shadow, transparent background, glossy rounded style, centered, 1:1, no text no logo no watermark, of a espresso machine"
"home-beer-maker-01","가정용맥주제조기","주방가전","A bright clean premium 3D icon, isometric, soft studio lighting, subtle soft drop shadow, transparent background, glossy rounded style, centered, 1:1, no text no logo no watermark, of a home beer maker"
"electric-smoker-01","전기훈제기","주방가전","A bright clean premium 3D icon, isometric, soft studio lighting, subtle soft drop shadow, transparent background, glossy rounded style, centered, 1:1, no text no logo no watermark, of a electric smoker"
"popcorn-maker-01","팝콘기","주방가전","A bright clean premium 3D icon, isometric, soft studio lighting, subtle soft drop shadow, transparent background, glossy rounded style, centered, 1:1, no text no logo no watermark, of a popcorn maker"
"mini-rice-cooker-01","미니밥솥","주방가전","A bright clean premium 3D icon, isometric, soft studio lighting, subtle soft drop shadow, transparent background, glossy rounded style, centered, 1:1, no text no logo no watermark, of a mini rice cooker"
"food-warmer-01","보온고","주방가전","A bright clean premium 3D icon, isometric, soft studio lighting, subtle soft drop shadow, transparent background, glossy rounded style, centered, 1:1, no text no logo no watermark, of a food warmer"
"deep-fryer-01","튀김기","주방가전","A bright clean premium 3D icon, isometric, soft studio lighting, subtle soft drop shadow, transparent background, glossy rounded style, centered, 1:1, no text no logo no watermark, of a deep fryer"
"electric-roaster-01","전기석쇠","주방가전","A bright clean premium 3D icon, isometric, soft studio lighting, subtle soft drop shadow, transparent background, glossy rounded style, centered, 1:1, no text no logo no watermark, of a electric roaster"
"rice-cake-maker-01","떡메이커","주방가전","A bright clean premium 3D icon, isometric, soft studio lighting, subtle soft drop shadow, transparent background, glossy rounded style, centered, 1:1, no text no logo no watermark, of a rice cake maker"
"ramen-cooker-01","전기라면포트","주방가전","A bright clean premium 3D icon, isometric, soft studio lighting, subtle soft drop shadow, transparent background, glossy rounded style, centered, 1:1, no text no logo no watermark, of a ramen cooker"
"coffee-roaster-01","가정용커피로스터","주방가전","A bright clean premium 3D icon, isometric, soft studio lighting, subtle soft drop shadow, transparent background, glossy rounded style, centered, 1:1, no text no logo no watermark, of a coffee roaster"
"porridge-cooker-01","전기죽쑤개","주방가전","A bright clean premium 3D icon, isometric, soft studio lighting, subtle soft drop shadow, transparent background, glossy rounded style, centered, 1:1, no text no logo no watermark, of a porridge cooker"
"oven-01","오븐","주방가전","A bright clean premium 3D icon, isometric, soft studio lighting, subtle soft drop shadow, transparent background, glossy rounded style, centered, 1:1, no text no logo no watermark, of a oven"
"vacuum-cleaner-01","청소기","생활가전","A bright clean premium 3D icon, isometric, soft studio lighting, subtle soft drop shadow, transparent background, glossy rounded style, centered, 1:1, no text no logo no watermark, of a vacuum cleaner"
"cordless-vacuum-01","무선청소기","생활가전","A bright clean premium 3D icon, isometric, soft studio lighting, subtle soft drop shadow, transparent background, glossy rounded style, centered, 1:1, no text no logo no watermark, of a cordless vacuum"
"robot-vacuum-01","로봇청소기","생활가전","A bright clean premium 3D icon, isometric, soft studio lighting, subtle soft drop shadow, transparent background, glossy rounded style, centered, 1:1, no text no logo no watermark, of a robot vacuum"
"steam-cleaner-01","스팀청소기","생활가전","A bright clean premium 3D icon, isometric, soft studio lighting, subtle soft drop shadow, transparent background, glossy rounded style, centered, 1:1, no text no logo no watermark, of a steam cleaner"
"mop-vacuum-01","물걸레청소기","생활가전","A bright clean premium 3D icon, isometric, soft studio lighting, subtle soft drop shadow, transparent background, glossy rounded style, centered, 1:1, no text no logo no watermark, of a mop vacuum"
"bed-vacuum-01","침구청소기","생활가전","A bright clean premium 3D icon, isometric, soft studio lighting, subtle soft drop shadow, transparent background, glossy rounded style, centered, 1:1, no text no logo no watermark, of a bed vacuum"
"handy-vacuum-01","핸디청소기","생활가전","A bright clean premium 3D icon, isometric, soft studio lighting, subtle soft drop shadow, transparent background, glossy rounded style, centered, 1:1, no text no logo no watermark, of a handy vacuum"
"water-purifier-01","정수기","생활가전","A bright clean premium 3D icon, isometric, soft studio lighting, subtle soft drop shadow, transparent background, glossy rounded style, centered, 1:1, no text no logo no watermark, of a water purifier"
"direct-water-purifier-01","직수형정수기","생활가전","A bright clean premium 3D icon, isometric, soft studio lighting, subtle soft drop shadow, transparent background, glossy rounded style, centered, 1:1, no text no logo no watermark, of a direct water purifier"
"under-sink-purifier-01","언더싱크정수기","생활가전","A bright clean premium 3D icon, isometric, soft studio lighting, subtle soft drop shadow, transparent background, glossy rounded style, centered, 1:1, no text no logo no watermark, of a under sink purifier"
"bidet-01","비데","생활가전","A bright clean premium 3D icon, isometric, soft studio lighting, subtle soft drop shadow, transparent background, glossy rounded style, centered, 1:1, no text no logo no watermark, of a bidet"
"integrated-bidet-01","일체형비데","생활가전","A bright clean premium 3D icon, isometric, soft studio lighting, subtle soft drop shadow, transparent background, glossy rounded style, centered, 1:1, no text no logo no watermark, of a integrated bidet"
"sewing-machine-01","재봉틀","생활가전","A bright clean premium 3D icon, isometric, soft studio lighting, subtle soft drop shadow, transparent background, glossy rounded style, centered, 1:1, no text no logo no watermark, of a sewing machine"
"overlock-sewing-machine-01","오버로크재봉틀","생활가전","A bright clean premium 3D icon, isometric, soft studio lighting, subtle soft drop shadow, transparent background, glossy rounded style, centered, 1:1, no text no logo no watermark, of a overlock sewing machine"
"iron-01","다리미","생활가전","A bright clean premium 3D icon, isometric, soft studio lighting, subtle soft drop shadow, transparent background, glossy rounded style, centered, 1:1, no text no logo no watermark, of a iron"
"steam-iron-01","스팀다리미","생활가전","A bright clean premium 3D icon, isometric, soft studio lighting, subtle soft drop shadow, transparent background, glossy rounded style, centered, 1:1, no text no logo no watermark, of a steam iron"
"standing-steam-iron-01","스탠드스팀다리미","생활가전","A bright clean premium 3D icon, isometric, soft studio lighting, subtle soft drop shadow, transparent background, glossy rounded style, centered, 1:1, no text no logo no watermark, of a standing steam iron"
"electric-shaver-01","전기면도기","생활가전","A bright clean premium 3D icon, isometric, soft studio lighting, subtle soft drop shadow, transparent background, glossy rounded style, centered, 1:1, no text no logo no watermark, of a electric shaver"
"hair-dryer-01","헤어드라이어","생활가전","A bright clean premium 3D icon, isometric, soft studio lighting, subtle soft drop shadow, transparent background, glossy rounded style, centered, 1:1, no text no logo no watermark, of a hair dryer"
"hair-styler-01","고데기","생활가전","A bright clean premium 3D icon, isometric, soft studio lighting, subtle soft drop shadow, transparent background, glossy rounded style, centered, 1:1, no text no logo no watermark, of a hair styler"
"electric-toothbrush-01","전동칫솔","생활가전","A bright clean premium 3D icon, isometric, soft studio lighting, subtle soft drop shadow, transparent background, glossy rounded style, centered, 1:1, no text no logo no watermark, of a electric toothbrush"
"oral-irrigator-01","구강세정기","생활가전","A bright clean premium 3D icon, isometric, soft studio lighting, subtle soft drop shadow, transparent background, glossy rounded style, centered, 1:1, no text no logo no watermark, of a oral irrigator"
"body-scale-01","체중계","생활가전","A bright clean premium 3D icon, isometric, soft studio lighting, subtle soft drop shadow, transparent background, glossy rounded style, centered, 1:1, no text no logo no watermark, of a body scale"
"body-fat-scale-01","체지방계","생활가전","A bright clean premium 3D icon, isometric, soft studio lighting, subtle soft drop shadow, transparent background, glossy rounded style, centered, 1:1, no text no logo no watermark, of a body fat scale"
"blood-pressure-monitor-01","혈압계","생활가전","A bright clean premium 3D icon, isometric, soft studio lighting, subtle soft drop shadow, transparent background, glossy rounded style, centered, 1:1, no text no logo no watermark, of a blood pressure monitor"
"low-frequency-massager-01","저주파마사지기","생활가전","A bright clean premium 3D icon, isometric, soft studio lighting, subtle soft drop shadow, transparent background, glossy rounded style, centered, 1:1, no text no logo no watermark, of a low frequency massager"
"foot-massager-01","발마사지기","생활가전","A bright clean premium 3D icon, isometric, soft studio lighting, subtle soft drop shadow, transparent background, glossy rounded style, centered, 1:1, no text no logo no watermark, of a foot massager"
"leg-massager-01","종아리마사지기","생활가전","A bright clean premium 3D icon, isometric, soft studio lighting, subtle soft drop shadow, transparent background, glossy rounded style, centered, 1:1, no text no logo no watermark, of a leg massager"
"eye-massager-01","눈마사지기","생활가전","A bright clean premium 3D icon, isometric, soft studio lighting, subtle soft drop shadow, transparent background, glossy rounded style, centered, 1:1, no text no logo no watermark, of a eye massager"
"handheld-massage-gun-01","핸디마사지건","생활가전","A bright clean premium 3D icon, isometric, soft studio lighting, subtle soft drop shadow, transparent background, glossy rounded style, centered, 1:1, no text no logo no watermark, of a handheld massage gun"
"clothes-compressor-01","의류압축기","생활가전","A bright clean premium 3D icon, isometric, soft studio lighting, subtle soft drop shadow, transparent background, glossy rounded style, centered, 1:1, no text no logo no watermark, of a clothes compressor"
"shoe-care-machine-01","신발관리기","생활가전","A bright clean premium 3D icon, isometric, soft studio lighting, subtle soft drop shadow, transparent background, glossy rounded style, centered, 1:1, no text no logo no watermark, of a shoe care machine"
"shoe-dryer-01","신발건조기","생활가전","A bright clean premium 3D icon, isometric, soft studio lighting, subtle soft drop shadow, transparent background, glossy rounded style, centered, 1:1, no text no logo no watermark, of a shoe dryer"
"uv-sterilizer-dryer-01","살균건조기","생활가전","A bright clean premium 3D icon, isometric, soft studio lighting, subtle soft drop shadow, transparent background, glossy rounded style, centered, 1:1, no text no logo no watermark, of a uv sterilizer dryer"
"bottle-sterilizer-01","젖병소독기","생활가전","A bright clean premium 3D icon, isometric, soft studio lighting, subtle soft drop shadow, transparent background, glossy rounded style, centered, 1:1, no text no logo no watermark, of a bottle sterilizer"
"hand-sanitizer-dispenser-01","손소독기","생활가전","A bright clean premium 3D icon, isometric, soft studio lighting, subtle soft drop shadow, transparent background, glossy rounded style, centered, 1:1, no text no logo no watermark, of a hand sanitizer dispenser"
"electric-mosquito-swatter-01","전기모기채","생활가전","A bright clean premium 3D icon, isometric, soft studio lighting, subtle soft drop shadow, transparent background, glossy rounded style, centered, 1:1, no text no logo no watermark, of a electric mosquito swatter"
"ultrasonic-cleaner-01","초음파세척기","생활가전","A bright clean premium 3D icon, isometric, soft studio lighting, subtle soft drop shadow, transparent background, glossy rounded style, centered, 1:1, no text no logo no watermark, of a ultrasonic cleaner"
"mini-sewing-machine-01","미니재봉틀","생활가전","A bright clean premium 3D icon, isometric, soft studio lighting, subtle soft drop shadow, transparent background, glossy rounded style, centered, 1:1, no text no logo no watermark, of a mini sewing machine"
"water-filter-unit-01","가정용정수필터","생활가전","A bright clean premium 3D icon, isometric, soft studio lighting, subtle soft drop shadow, transparent background, glossy rounded style, centered, 1:1, no text no logo no watermark, of a water filter unit"
"massage-cushion-01","안마쿠션","생활가전","A bright clean premium 3D icon, isometric, soft studio lighting, subtle soft drop shadow, transparent background, glossy rounded style, centered, 1:1, no text no logo no watermark, of a massage cushion"
"glucose-meter-01","가정용혈당계","생활가전","A bright clean premium 3D icon, isometric, soft studio lighting, subtle soft drop shadow, transparent background, glossy rounded style, centered, 1:1, no text no logo no watermark, of a glucose meter"
"digital-thermometer-01","전자체온계","생활가전","A bright clean premium 3D icon, isometric, soft studio lighting, subtle soft drop shadow, transparent background, glossy rounded style, centered, 1:1, no text no logo no watermark, of a digital thermometer"
"humidifying-purifier-01","가습청정기","생활가전","A bright clean premium 3D icon, isometric, soft studio lighting, subtle soft drop shadow, transparent background, glossy rounded style, centered, 1:1, no text no logo no watermark, of a humidifying purifier"
"electric-blanket-01","전기요","생활가전","A bright clean premium 3D icon, isometric, soft studio lighting, subtle soft drop shadow, transparent background, glossy rounded style, centered, 1:1, no text no logo no watermark, of a electric blanket"
"heated-mattress-pad-01","온열매트","생활가전","A bright clean premium 3D icon, isometric, soft studio lighting, subtle soft drop shadow, transparent background, glossy rounded style, centered, 1:1, no text no logo no watermark, of a heated mattress pad"
"nose-hair-trimmer-01","코털제거기","생활가전","A bright clean premium 3D icon, isometric, soft studio lighting, subtle soft drop shadow, transparent background, glossy rounded style, centered, 1:1, no text no logo no watermark, of a nose hair trimmer"
"hair-clipper-01","전동이발기","생활가전","A bright clean premium 3D icon, isometric, soft studio lighting, subtle soft drop shadow, transparent background, glossy rounded style, centered, 1:1, no text no logo no watermark, of a hair clipper"
"wrist-blood-pressure-monitor-01","가정용혈압팔목계","생활가전","A bright clean premium 3D icon, isometric, soft studio lighting, subtle soft drop shadow, transparent background, glossy rounded style, centered, 1:1, no text no logo no watermark, of a wrist blood pressure monitor"
"portable-humidifier-01","휴대용가습기","생활가전","A bright clean premium 3D icon, isometric, soft studio lighting, subtle soft drop shadow, transparent background, glossy rounded style, centered, 1:1, no text no logo no watermark, of a portable humidifier"
"air-conditioner-01","에어컨","계절가전","A bright clean premium 3D icon, isometric, soft studio lighting, subtle soft drop shadow, transparent background, glossy rounded style, centered, 1:1, no text no logo no watermark, of a air conditioner"
"wall-air-conditioner-01","벽걸이에어컨","계절가전","A bright clean premium 3D icon, isometric, soft studio lighting, subtle soft drop shadow, transparent background, glossy rounded style, centered, 1:1, no text no logo no watermark, of a wall air conditioner"
"portable-air-conditioner-01","이동식에어컨","계절가전","A bright clean premium 3D icon, isometric, soft studio lighting, subtle soft drop shadow, transparent background, glossy rounded style, centered, 1:1, no text no logo no watermark, of a portable air conditioner"
"window-air-conditioner-01","창문형에어컨","계절가전","A bright clean premium 3D icon, isometric, soft studio lighting, subtle soft drop shadow, transparent background, glossy rounded style, centered, 1:1, no text no logo no watermark, of a window air conditioner"
"electric-fan-01","선풍기","계절가전","A bright clean premium 3D icon, isometric, soft studio lighting, subtle soft drop shadow, transparent background, glossy rounded style, centered, 1:1, no text no logo no watermark, of a electric fan"
"stand-fan-01","스탠드선풍기","계절가전","A bright clean premium 3D icon, isometric, soft studio lighting, subtle soft drop shadow, transparent background, glossy rounded style, centered, 1:1, no text no logo no watermark, of a stand fan"
"tower-fan-01","타워팬","계절가전","A bright clean premium 3D icon, isometric, soft studio lighting, subtle soft drop shadow, transparent background, glossy rounded style, centered, 1:1, no text no logo no watermark, of a tower fan"
"air-circulator-01","써큘레이터","계절가전","A bright clean premium 3D icon, isometric, soft studio lighting, subtle soft drop shadow, transparent background, glossy rounded style, centered, 1:1, no text no logo no watermark, of a air circulator"
"wall-fan-01","벽걸이선풍기","계절가전","A bright clean premium 3D icon, isometric, soft studio lighting, subtle soft drop shadow, transparent background, glossy rounded style, centered, 1:1, no text no logo no watermark, of a wall fan"
"box-fan-01","박스팬","계절가전","A bright clean premium 3D icon, isometric, soft studio lighting, subtle soft drop shadow, transparent background, glossy rounded style, centered, 1:1, no text no logo no watermark, of a box fan"
"dehumidifier-01","제습기","계절가전","A bright clean premium 3D icon, isometric, soft studio lighting, subtle soft drop shadow, transparent background, glossy rounded style, centered, 1:1, no text no logo no watermark, of a dehumidifier"
"humidifier-01","가습기","계절가전","A bright clean premium 3D icon, isometric, soft studio lighting, subtle soft drop shadow, transparent background, glossy rounded style, centered, 1:1, no text no logo no watermark, of a humidifier"
"ultrasonic-humidifier-01","초음파가습기","계절가전","A bright clean premium 3D icon, isometric, soft studio lighting, subtle soft drop shadow, transparent background, glossy rounded style, centered, 1:1, no text no logo no watermark, of a ultrasonic humidifier"
"heated-humidifier-01","가열식가습기","계절가전","A bright clean premium 3D icon, isometric, soft studio lighting, subtle soft drop shadow, transparent background, glossy rounded style, centered, 1:1, no text no logo no watermark, of a heated humidifier"
"air-purifier-01","공기청정기","계절가전","A bright clean premium 3D icon, isometric, soft studio lighting, subtle soft drop shadow, transparent background, glossy rounded style, centered, 1:1, no text no logo no watermark, of a air purifier"
"car-air-purifier-01","차량용공기청정기","계절가전","A bright clean premium 3D icon, isometric, soft studio lighting, subtle soft drop shadow, transparent background, glossy rounded style, centered, 1:1, no text no logo no watermark, of a car air purifier"
"fan-heater-01","온풍기","계절가전","A bright clean premium 3D icon, isometric, soft studio lighting, subtle soft drop shadow, transparent background, glossy rounded style, centered, 1:1, no text no logo no watermark, of a fan heater"
"electric-heater-01","전기히터","계절가전","A bright clean premium 3D icon, isometric, soft studio lighting, subtle soft drop shadow, transparent background, glossy rounded style, centered, 1:1, no text no logo no watermark, of a electric heater"
"kerosene-heater-01","석유난로","계절가전","A bright clean premium 3D icon, isometric, soft studio lighting, subtle soft drop shadow, transparent background, glossy rounded style, centered, 1:1, no text no logo no watermark, of a kerosene heater"
"gas-heater-01","가스난로","계절가전","A bright clean premium 3D icon, isometric, soft studio lighting, subtle soft drop shadow, transparent background, glossy rounded style, centered, 1:1, no text no logo no watermark, of a gas heater"
"electric-radiator-01","전기라디에이터","계절가전","A bright clean premium 3D icon, isometric, soft studio lighting, subtle soft drop shadow, transparent background, glossy rounded style, centered, 1:1, no text no logo no watermark, of a electric radiator"
"hot-water-mat-01","온수매트","계절가전","A bright clean premium 3D icon, isometric, soft studio lighting, subtle soft drop shadow, transparent background, glossy rounded style, centered, 1:1, no text no logo no watermark, of a hot water mat"
"electric-mat-01","전기장판","계절가전","A bright clean premium 3D icon, isometric, soft studio lighting, subtle soft drop shadow, transparent background, glossy rounded style, centered, 1:1, no text no logo no watermark, of a electric mat"
"carbon-heater-01","카본히터","계절가전","A bright clean premium 3D icon, isometric, soft studio lighting, subtle soft drop shadow, transparent background, glossy rounded style, centered, 1:1, no text no logo no watermark, of a carbon heater"
"halogen-heater-01","할로겐히터","계절가전","A bright clean premium 3D icon, isometric, soft studio lighting, subtle soft drop shadow, transparent background, glossy rounded style, centered, 1:1, no text no logo no watermark, of a halogen heater"
"convection-heater-01","컨벡션히터","계절가전","A bright clean premium 3D icon, isometric, soft studio lighting, subtle soft drop shadow, transparent background, glossy rounded style, centered, 1:1, no text no logo no watermark, of a convection heater"
"heater-guard-01","난로가드","계절가전","A bright clean premium 3D icon, isometric, soft studio lighting, subtle soft drop shadow, transparent background, glossy rounded style, centered, 1:1, no text no logo no watermark, of a heater guard"
"radiant-heater-01","온열기","계절가전","A bright clean premium 3D icon, isometric, soft studio lighting, subtle soft drop shadow, transparent background, glossy rounded style, centered, 1:1, no text no logo no watermark, of a radiant heater"
"infrared-heater-01","원적외선히터","계절가전","A bright clean premium 3D icon, isometric, soft studio lighting, subtle soft drop shadow, transparent background, glossy rounded style, centered, 1:1, no text no logo no watermark, of a infrared heater"
"mini-fan-heater-01","미니온풍기","계절가전","A bright clean premium 3D icon, isometric, soft studio lighting, subtle soft drop shadow, transparent background, glossy rounded style, centered, 1:1, no text no logo no watermark, of a mini fan heater"
"rechargeable-hand-warmer-01","충전식손난로","계절가전","A bright clean premium 3D icon, isometric, soft studio lighting, subtle soft drop shadow, transparent background, glossy rounded style, centered, 1:1, no text no logo no watermark, of a rechargeable hand warmer"
"foot-warmer-01","발난로","계절가전","A bright clean premium 3D icon, isometric, soft studio lighting, subtle soft drop shadow, transparent background, glossy rounded style, centered, 1:1, no text no logo no watermark, of a foot warmer"
"heating-tent-01","난방텐트","계절가전","A bright clean premium 3D icon, isometric, soft studio lighting, subtle soft drop shadow, transparent background, glossy rounded style, centered, 1:1, no text no logo no watermark, of a heating tent"
"dehumidifier-box-01","제습제통","계절가전","A bright clean premium 3D icon, isometric, soft studio lighting, subtle soft drop shadow, transparent background, glossy rounded style, centered, 1:1, no text no logo no watermark, of a dehumidifier box"
"large-air-circulator-01","대형에어써큘","계절가전","A bright clean premium 3D icon, isometric, soft studio lighting, subtle soft drop shadow, transparent background, glossy rounded style, centered, 1:1, no text no logo no watermark, of a large air circulator"
"industrial-fan-01","산업용선풍기","계절가전","A bright clean premium 3D icon, isometric, soft studio lighting, subtle soft drop shadow, transparent background, glossy rounded style, centered, 1:1, no text no logo no watermark, of a industrial fan"
"large-dehumidifier-01","대형제습기","계절가전","A bright clean premium 3D icon, isometric, soft studio lighting, subtle soft drop shadow, transparent background, glossy rounded style, centered, 1:1, no text no logo no watermark, of a large dehumidifier"
"air-curtain-01","에어커튼","계절가전","A bright clean premium 3D icon, isometric, soft studio lighting, subtle soft drop shadow, transparent background, glossy rounded style, centered, 1:1, no text no logo no watermark, of a air curtain"
"hot-air-blower-01","열풍기","계절가전","A bright clean premium 3D icon, isometric, soft studio lighting, subtle soft drop shadow, transparent background, glossy rounded style, centered, 1:1, no text no logo no watermark, of a hot air blower"
"heating-panel-01","난방패널","계절가전","A bright clean premium 3D icon, isometric, soft studio lighting, subtle soft drop shadow, transparent background, glossy rounded style, centered, 1:1, no text no logo no watermark, of a heating panel"
"heated-cushion-01","전기방석","계절가전","A bright clean premium 3D icon, isometric, soft studio lighting, subtle soft drop shadow, transparent background, glossy rounded style, centered, 1:1, no text no logo no watermark, of a heated cushion"
"wood-stove-01","화목난로","계절가전","A bright clean premium 3D icon, isometric, soft studio lighting, subtle soft drop shadow, transparent background, glossy rounded style, centered, 1:1, no text no logo no watermark, of a wood stove"
"pellet-stove-01","펠릿난로","계절가전","A bright clean premium 3D icon, isometric, soft studio lighting, subtle soft drop shadow, transparent background, glossy rounded style, centered, 1:1, no text no logo no watermark, of a pellet stove"
"usb-mini-humidifier-01","usb미니가습기","계절가전","A bright clean premium 3D icon, isometric, soft studio lighting, subtle soft drop shadow, transparent background, glossy rounded style, centered, 1:1, no text no logo no watermark, of a usb mini humidifier"
"window-ventilator-01","창문형환풍기","계절가전","A bright clean premium 3D icon, isometric, soft studio lighting, subtle soft drop shadow, transparent background, glossy rounded style, centered, 1:1, no text no logo no watermark, of a window ventilator"
"ceiling-fan-01","실링팬","계절가전","A bright clean premium 3D icon, isometric, soft studio lighting, subtle soft drop shadow, transparent background, glossy rounded style, centered, 1:1, no text no logo no watermark, of a ceiling fan"
"industrial-heater-01","대형산업용히터","계절가전","A bright clean premium 3D icon, isometric, soft studio lighting, subtle soft drop shadow, transparent background, glossy rounded style, centered, 1:1, no text no logo no watermark, of a industrial heater"
"mini-circulator-01","미니서큘레이터","계절가전","A bright clean premium 3D icon, isometric, soft studio lighting, subtle soft drop shadow, transparent background, glossy rounded style, centered, 1:1, no text no logo no watermark, of a mini circulator"
"air-washer-01","가정용에어워셔","계절가전","A bright clean premium 3D icon, isometric, soft studio lighting, subtle soft drop shadow, transparent background, glossy rounded style, centered, 1:1, no text no logo no watermark, of a air washer"
"television-01","TV","영상·음향기기","A bright clean premium 3D icon, isometric, soft studio lighting, subtle soft drop shadow, transparent background, glossy rounded style, centered, 1:1, no text no logo no watermark, of a television"
"large-television-01","대형TV","영상·음향기기","A bright clean premium 3D icon, isometric, soft studio lighting, subtle soft drop shadow, transparent background, glossy rounded style, centered, 1:1, no text no logo no watermark, of a large television"
"wall-mount-tv-01","벽걸이TV","영상·음향기기","A bright clean premium 3D icon, isometric, soft studio lighting, subtle soft drop shadow, transparent background, glossy rounded style, centered, 1:1, no text no logo no watermark, of a wall mount tv"
"projector-01","프로젝터","영상·음향기기","A bright clean premium 3D icon, isometric, soft studio lighting, subtle soft drop shadow, transparent background, glossy rounded style, centered, 1:1, no text no logo no watermark, of a projector"
"projector-screen-01","빔프로젝터스크린","영상·음향기기","A bright clean premium 3D icon, isometric, soft studio lighting, subtle soft drop shadow, transparent background, glossy rounded style, centered, 1:1, no text no logo no watermark, of a projector screen"
"soundbar-01","사운드바","영상·음향기기","A bright clean premium 3D icon, isometric, soft studio lighting, subtle soft drop shadow, transparent background, glossy rounded style, centered, 1:1, no text no logo no watermark, of a soundbar"
"audio-speaker-01","오디오스피커","영상·음향기기","A bright clean premium 3D icon, isometric, soft studio lighting, subtle soft drop shadow, transparent background, glossy rounded style, centered, 1:1, no text no logo no watermark, of a audio speaker"
"bookshelf-speaker-01","북쉘프스피커","영상·음향기기","A bright clean premium 3D icon, isometric, soft studio lighting, subtle soft drop shadow, transparent background, glossy rounded style, centered, 1:1, no text no logo no watermark, of a bookshelf speaker"
"subwoofer-01","우퍼","영상·음향기기","A bright clean premium 3D icon, isometric, soft studio lighting, subtle soft drop shadow, transparent background, glossy rounded style, centered, 1:1, no text no logo no watermark, of a subwoofer"
"bluetooth-speaker-01","블루투스스피커","영상·음향기기","A bright clean premium 3D icon, isometric, soft studio lighting, subtle soft drop shadow, transparent background, glossy rounded style, centered, 1:1, no text no logo no watermark, of a bluetooth speaker"
"home-theater-system-01","홈시어터","영상·음향기기","A bright clean premium 3D icon, isometric, soft studio lighting, subtle soft drop shadow, transparent background, glossy rounded style, centered, 1:1, no text no logo no watermark, of a home theater system"
"audio-amplifier-01","앰프","영상·음향기기","A bright clean premium 3D icon, isometric, soft studio lighting, subtle soft drop shadow, transparent background, glossy rounded style, centered, 1:1, no text no logo no watermark, of a audio amplifier"
"av-receiver-01","리시버","영상·음향기기","A bright clean premium 3D icon, isometric, soft studio lighting, subtle soft drop shadow, transparent background, glossy rounded style, centered, 1:1, no text no logo no watermark, of a av receiver"
"turntable-01","턴테이블","영상·음향기기","A bright clean premium 3D icon, isometric, soft studio lighting, subtle soft drop shadow, transparent background, glossy rounded style, centered, 1:1, no text no logo no watermark, of a turntable"
"cd-player-01","CD플레이어","영상·음향기기","A bright clean premium 3D icon, isometric, soft studio lighting, subtle soft drop shadow, transparent background, glossy rounded style, centered, 1:1, no text no logo no watermark, of a cd player"
"radio-01","라디오","영상·음향기기","A bright clean premium 3D icon, isometric, soft studio lighting, subtle soft drop shadow, transparent background, glossy rounded style, centered, 1:1, no text no logo no watermark, of a radio"
"game-console-01","게임콘솔","영상·음향기기","A bright clean premium 3D icon, isometric, soft studio lighting, subtle soft drop shadow, transparent background, glossy rounded style, centered, 1:1, no text no logo no watermark, of a game console"
"handheld-game-console-01","휴대용게임기","영상·음향기기","A bright clean premium 3D icon, isometric, soft studio lighting, subtle soft drop shadow, transparent background, glossy rounded style, centered, 1:1, no text no logo no watermark, of a handheld game console"
"vr-headset-01","VR헤드셋","영상·음향기기","A bright clean premium 3D icon, isometric, soft studio lighting, subtle soft drop shadow, transparent background, glossy rounded style, centered, 1:1, no text no logo no watermark, of a vr headset"
"set-top-box-01","셋톱박스","영상·음향기기","A bright clean premium 3D icon, isometric, soft studio lighting, subtle soft drop shadow, transparent background, glossy rounded style, centered, 1:1, no text no logo no watermark, of a set top box"
"dvd-player-01","DVD플레이어","영상·음향기기","A bright clean premium 3D icon, isometric, soft studio lighting, subtle soft drop shadow, transparent background, glossy rounded style, centered, 1:1, no text no logo no watermark, of a dvd player"
"blu-ray-player-01","블루레이플레이어","영상·음향기기","A bright clean premium 3D icon, isometric, soft studio lighting, subtle soft drop shadow, transparent background, glossy rounded style, centered, 1:1, no text no logo no watermark, of a blu ray player"
"camera-01","카메라","영상·음향기기","A bright clean premium 3D icon, isometric, soft studio lighting, subtle soft drop shadow, transparent background, glossy rounded style, centered, 1:1, no text no logo no watermark, of a camera"
"dslr-camera-01","DSLR카메라","영상·음향기기","A bright clean premium 3D icon, isometric, soft studio lighting, subtle soft drop shadow, transparent background, glossy rounded style, centered, 1:1, no text no logo no watermark, of a dslr camera"
"camcorder-01","캠코더","영상·음향기기","A bright clean premium 3D icon, isometric, soft studio lighting, subtle soft drop shadow, transparent background, glossy rounded style, centered, 1:1, no text no logo no watermark, of a camcorder"
"action-camera-01","액션캠","영상·음향기기","A bright clean premium 3D icon, isometric, soft studio lighting, subtle soft drop shadow, transparent background, glossy rounded style, centered, 1:1, no text no logo no watermark, of a action camera"
"tripod-01","삼각대","영상·음향기기","A bright clean premium 3D icon, isometric, soft studio lighting, subtle soft drop shadow, transparent background, glossy rounded style, centered, 1:1, no text no logo no watermark, of a tripod"
"studio-light-01","조명스탠드촬영","영상·음향기기","A bright clean premium 3D icon, isometric, soft studio lighting, subtle soft drop shadow, transparent background, glossy rounded style, centered, 1:1, no text no logo no watermark, of a studio light"
"microphone-01","마이크","영상·음향기기","A bright clean premium 3D icon, isometric, soft studio lighting, subtle soft drop shadow, transparent background, glossy rounded style, centered, 1:1, no text no logo no watermark, of a microphone"
"headphones-01","헤드폰","영상·음향기기","A bright clean premium 3D icon, isometric, soft studio lighting, subtle soft drop shadow, transparent background, glossy rounded style, centered, 1:1, no text no logo no watermark, of a headphones"
"gaming-headset-01","헤드셋","영상·음향기기","A bright clean premium 3D icon, isometric, soft studio lighting, subtle soft drop shadow, transparent background, glossy rounded style, centered, 1:1, no text no logo no watermark, of a gaming headset"
"earphone-case-01","이어폰케이스","영상·음향기기","A bright clean premium 3D icon, isometric, soft studio lighting, subtle soft drop shadow, transparent background, glossy rounded style, centered, 1:1, no text no logo no watermark, of a earphone case"
"audio-mixer-01","믹서콘솔","영상·음향기기","A bright clean premium 3D icon, isometric, soft studio lighting, subtle soft drop shadow, transparent background, glossy rounded style, centered, 1:1, no text no logo no watermark, of a audio mixer"
"electronic-drum-01","전자드럼","영상·음향기기","A bright clean premium 3D icon, isometric, soft studio lighting, subtle soft drop shadow, transparent background, glossy rounded style, centered, 1:1, no text no logo no watermark, of a electronic drum"
"digital-piano-01","전자피아노","영상·음향기기","A bright clean premium 3D icon, isometric, soft studio lighting, subtle soft drop shadow, transparent background, glossy rounded style, centered, 1:1, no text no logo no watermark, of a digital piano"
"synthesizer-01","신디사이저","영상·음향기기","A bright clean premium 3D icon, isometric, soft studio lighting, subtle soft drop shadow, transparent background, glossy rounded style, centered, 1:1, no text no logo no watermark, of a synthesizer"
"guitar-amplifier-01","일렉기타앰프","영상·음향기기","A bright clean premium 3D icon, isometric, soft studio lighting, subtle soft drop shadow, transparent background, glossy rounded style, centered, 1:1, no text no logo no watermark, of a guitar amplifier"
"karaoke-machine-01","노래방기기","영상·음향기기","A bright clean premium 3D icon, isometric, soft studio lighting, subtle soft drop shadow, transparent background, glossy rounded style, centered, 1:1, no text no logo no watermark, of a karaoke machine"
"tv-cart-01","TV거치대이동식","영상·음향기기","A bright clean premium 3D icon, isometric, soft studio lighting, subtle soft drop shadow, transparent background, glossy rounded style, centered, 1:1, no text no logo no watermark, of a tv cart"
"monitor-speaker-01","모니터스피커","영상·음향기기","A bright clean premium 3D icon, isometric, soft studio lighting, subtle soft drop shadow, transparent background, glossy rounded style, centered, 1:1, no text no logo no watermark, of a monitor speaker"
"portable-projector-01","포터블프로젝터","영상·음향기기","A bright clean premium 3D icon, isometric, soft studio lighting, subtle soft drop shadow, transparent background, glossy rounded style, centered, 1:1, no text no logo no watermark, of a portable projector"
"smart-beam-01","스마트빔","영상·음향기기","A bright clean premium 3D icon, isometric, soft studio lighting, subtle soft drop shadow, transparent background, glossy rounded style, centered, 1:1, no text no logo no watermark, of a smart beam"
"record-storage-01","레코드보관함","영상·음향기기","A bright clean premium 3D icon, isometric, soft studio lighting, subtle soft drop shadow, transparent background, glossy rounded style, centered, 1:1, no text no logo no watermark, of a record storage"
"av-cabinet-01","AV장식장","영상·음향기기","A bright clean premium 3D icon, isometric, soft studio lighting, subtle soft drop shadow, transparent background, glossy rounded style, centered, 1:1, no text no logo no watermark, of a av cabinet"
"mini-tv-01","미니TV","영상·음향기기","A bright clean premium 3D icon, isometric, soft studio lighting, subtle soft drop shadow, transparent background, glossy rounded style, centered, 1:1, no text no logo no watermark, of a mini tv"
"smart-tv-32-inch-01","스마트TV32인치","영상·음향기기","A bright clean premium 3D icon, isometric, soft studio lighting, subtle soft drop shadow, transparent background, glossy rounded style, centered, 1:1, no text no logo no watermark, of a smart tv 32 inch"
"vintage-radio-01","빈티지라디오","영상·음향기기","A bright clean premium 3D icon, isometric, soft studio lighting, subtle soft drop shadow, transparent background, glossy rounded style, centered, 1:1, no text no logo no watermark, of a vintage radio"
"voice-recorder-01","보이스레코더","영상·음향기기","A bright clean premium 3D icon, isometric, soft studio lighting, subtle soft drop shadow, transparent background, glossy rounded style, centered, 1:1, no text no logo no watermark, of a voice recorder"
"projector-ceiling-mount-01","프로젝터천장마운트","영상·음향기기","A bright clean premium 3D icon, isometric, soft studio lighting, subtle soft drop shadow, transparent background, glossy rounded style, centered, 1:1, no text no logo no watermark, of a projector ceiling mount"
"soundbar-woofer-set-01","사운드바우퍼세트","영상·음향기기","A bright clean premium 3D icon, isometric, soft studio lighting, subtle soft drop shadow, transparent background, glossy rounded style, centered, 1:1, no text no logo no watermark, of a soundbar woofer set"
"desktop-computer-01","데스크톱컴퓨터","컴퓨터·사무기기","A bright clean premium 3D icon, isometric, soft studio lighting, subtle soft drop shadow, transparent background, glossy rounded style, centered, 1:1, no text no logo no watermark, of a desktop computer"
"monitor-01","모니터","컴퓨터·사무기기","A bright clean premium 3D icon, isometric, soft studio lighting, subtle soft drop shadow, transparent background, glossy rounded style, centered, 1:1, no text no logo no watermark, of a monitor"
"dual-monitor-01","듀얼모니터","컴퓨터·사무기기","A bright clean premium 3D icon, isometric, soft studio lighting, subtle soft drop shadow, transparent background, glossy rounded style, centered, 1:1, no text no logo no watermark, of a dual monitor"
"laptop-01","노트북","컴퓨터·사무기기","A bright clean premium 3D icon, isometric, soft studio lighting, subtle soft drop shadow, transparent background, glossy rounded style, centered, 1:1, no text no logo no watermark, of a laptop"
"all-in-one-pc-01","올인원PC","컴퓨터·사무기기","A bright clean premium 3D icon, isometric, soft studio lighting, subtle soft drop shadow, transparent background, glossy rounded style, centered, 1:1, no text no logo no watermark, of a all in one pc"
"mini-pc-01","미니PC","컴퓨터·사무기기","A bright clean premium 3D icon, isometric, soft studio lighting, subtle soft drop shadow, transparent background, glossy rounded style, centered, 1:1, no text no logo no watermark, of a mini pc"
"keyboard-01","키보드","컴퓨터·사무기기","A bright clean premium 3D icon, isometric, soft studio lighting, subtle soft drop shadow, transparent background, glossy rounded style, centered, 1:1, no text no logo no watermark, of a keyboard"
"mouse-01","마우스","컴퓨터·사무기기","A bright clean premium 3D icon, isometric, soft studio lighting, subtle soft drop shadow, transparent background, glossy rounded style, centered, 1:1, no text no logo no watermark, of a mouse"
"printer-01","프린터","컴퓨터·사무기기","A bright clean premium 3D icon, isometric, soft studio lighting, subtle soft drop shadow, transparent background, glossy rounded style, centered, 1:1, no text no logo no watermark, of a printer"
"multifunction-printer-01","복합기","컴퓨터·사무기기","A bright clean premium 3D icon, isometric, soft studio lighting, subtle soft drop shadow, transparent background, glossy rounded style, centered, 1:1, no text no logo no watermark, of a multifunction printer"
"laser-printer-01","레이저프린터","컴퓨터·사무기기","A bright clean premium 3D icon, isometric, soft studio lighting, subtle soft drop shadow, transparent background, glossy rounded style, centered, 1:1, no text no logo no watermark, of a laser printer"
"scanner-01","스캐너","컴퓨터·사무기기","A bright clean premium 3D icon, isometric, soft studio lighting, subtle soft drop shadow, transparent background, glossy rounded style, centered, 1:1, no text no logo no watermark, of a scanner"
"paper-shredder-01","문서세단기","컴퓨터·사무기기","A bright clean premium 3D icon, isometric, soft studio lighting, subtle soft drop shadow, transparent background, glossy rounded style, centered, 1:1, no text no logo no watermark, of a paper shredder"
"laminator-01","코팅기","컴퓨터·사무기기","A bright clean premium 3D icon, isometric, soft studio lighting, subtle soft drop shadow, transparent background, glossy rounded style, centered, 1:1, no text no logo no watermark, of a laminator"
"copy-machine-01","복사기","컴퓨터·사무기기","A bright clean premium 3D icon, isometric, soft studio lighting, subtle soft drop shadow, transparent background, glossy rounded style, centered, 1:1, no text no logo no watermark, of a copy machine"
"fax-machine-01","팩스기","컴퓨터·사무기기","A bright clean premium 3D icon, isometric, soft studio lighting, subtle soft drop shadow, transparent background, glossy rounded style, centered, 1:1, no text no logo no watermark, of a fax machine"
"wifi-router-01","공유기","컴퓨터·사무기기","A bright clean premium 3D icon, isometric, soft studio lighting, subtle soft drop shadow, transparent background, glossy rounded style, centered, 1:1, no text no logo no watermark, of a wifi router"
"nas-server-01","NAS서버","컴퓨터·사무기기","A bright clean premium 3D icon, isometric, soft studio lighting, subtle soft drop shadow, transparent background, glossy rounded style, centered, 1:1, no text no logo no watermark, of a nas server"
"external-hard-drive-01","외장하드","컴퓨터·사무기기","A bright clean premium 3D icon, isometric, soft studio lighting, subtle soft drop shadow, transparent background, glossy rounded style, centered, 1:1, no text no logo no watermark, of a external hard drive"
"ups-power-supply-01","UPS전원장치","컴퓨터·사무기기","A bright clean premium 3D icon, isometric, soft studio lighting, subtle soft drop shadow, transparent background, glossy rounded style, centered, 1:1, no text no logo no watermark, of a ups power supply"
"webcam-01","웹캠","컴퓨터·사무기기","A bright clean premium 3D icon, isometric, soft studio lighting, subtle soft drop shadow, transparent background, glossy rounded style, centered, 1:1, no text no logo no watermark, of a webcam"
"graphic-tablet-01","그래픽태블릿","컴퓨터·사무기기","A bright clean premium 3D icon, isometric, soft studio lighting, subtle soft drop shadow, transparent background, glossy rounded style, centered, 1:1, no text no logo no watermark, of a graphic tablet"
"tablet-pc-01","태블릿PC","컴퓨터·사무기기","A bright clean premium 3D icon, isometric, soft studio lighting, subtle soft drop shadow, transparent background, glossy rounded style, centered, 1:1, no text no logo no watermark, of a tablet pc"
"monitor-arm-01","모니터암","컴퓨터·사무기기","A bright clean premium 3D icon, isometric, soft studio lighting, subtle soft drop shadow, transparent background, glossy rounded style, centered, 1:1, no text no logo no watermark, of a monitor arm"
"laptop-stand-01","노트북거치대","컴퓨터·사무기기","A bright clean premium 3D icon, isometric, soft studio lighting, subtle soft drop shadow, transparent background, glossy rounded style, centered, 1:1, no text no logo no watermark, of a laptop stand"
"usb-hub-01","USB허브","컴퓨터·사무기기","A bright clean premium 3D icon, isometric, soft studio lighting, subtle soft drop shadow, transparent background, glossy rounded style, centered, 1:1, no text no logo no watermark, of a usb hub"
"power-strip-01","멀티탭","컴퓨터·사무기기","A bright clean premium 3D icon, isometric, soft studio lighting, subtle soft drop shadow, transparent background, glossy rounded style, centered, 1:1, no text no logo no watermark, of a power strip"
"document-scanner-01","프로젝션스캐너","컴퓨터·사무기기","A bright clean premium 3D icon, isometric, soft studio lighting, subtle soft drop shadow, transparent background, glossy rounded style, centered, 1:1, no text no logo no watermark, of a document scanner"
"label-printer-01","라벨프린터","컴퓨터·사무기기","A bright clean premium 3D icon, isometric, soft studio lighting, subtle soft drop shadow, transparent background, glossy rounded style, centered, 1:1, no text no logo no watermark, of a label printer"
"receipt-printer-01","영수증프린터","컴퓨터·사무기기","A bright clean premium 3D icon, isometric, soft studio lighting, subtle soft drop shadow, transparent background, glossy rounded style, centered, 1:1, no text no logo no watermark, of a receipt printer"
"pos-terminal-01","포스단말기","컴퓨터·사무기기","A bright clean premium 3D icon, isometric, soft studio lighting, subtle soft drop shadow, transparent background, glossy rounded style, centered, 1:1, no text no logo no watermark, of a pos terminal"
"card-reader-terminal-01","카드단말기","컴퓨터·사무기기","A bright clean premium 3D icon, isometric, soft studio lighting, subtle soft drop shadow, transparent background, glossy rounded style, centered, 1:1, no text no logo no watermark, of a card reader terminal"
"conference-speakerphone-01","회의용스피커폰","컴퓨터·사무기기","A bright clean premium 3D icon, isometric, soft studio lighting, subtle soft drop shadow, transparent background, glossy rounded style, centered, 1:1, no text no logo no watermark, of a conference speakerphone"
"video-conference-camera-01","화상회의카메라","컴퓨터·사무기기","A bright clean premium 3D icon, isometric, soft studio lighting, subtle soft drop shadow, transparent background, glossy rounded style, centered, 1:1, no text no logo no watermark, of a video conference camera"
"monitor-34-inch-01","대형모니터34인치","컴퓨터·사무기기","A bright clean premium 3D icon, isometric, soft studio lighting, subtle soft drop shadow, transparent background, glossy rounded style, centered, 1:1, no text no logo no watermark, of a monitor 34 inch"
"gaming-pc-01","게이밍PC","컴퓨터·사무기기","A bright clean premium 3D icon, isometric, soft studio lighting, subtle soft drop shadow, transparent background, glossy rounded style, centered, 1:1, no text no logo no watermark, of a gaming pc"
"server-rack-01","서버랙","컴퓨터·사무기기","A bright clean premium 3D icon, isometric, soft studio lighting, subtle soft drop shadow, transparent background, glossy rounded style, centered, 1:1, no text no logo no watermark, of a server rack"
"industrial-printer-01","산업용프린터","컴퓨터·사무기기","A bright clean premium 3D icon, isometric, soft studio lighting, subtle soft drop shadow, transparent background, glossy rounded style, centered, 1:1, no text no logo no watermark, of a industrial printer"
"large-mfp-01","대형복합기","컴퓨터·사무기기","A bright clean premium 3D icon, isometric, soft studio lighting, subtle soft drop shadow, transparent background, glossy rounded style, centered, 1:1, no text no logo no watermark, of a large mfp"
"binding-machine-01","제본기","컴퓨터·사무기기","A bright clean premium 3D icon, isometric, soft studio lighting, subtle soft drop shadow, transparent background, glossy rounded style, centered, 1:1, no text no logo no watermark, of a binding machine"
"business-card-scanner-01","명함스캐너","컴퓨터·사무기기","A bright clean premium 3D icon, isometric, soft studio lighting, subtle soft drop shadow, transparent background, glossy rounded style, centered, 1:1, no text no logo no watermark, of a business card scanner"
"barcode-scanner-01","바코드스캐너","컴퓨터·사무기기","A bright clean premium 3D icon, isometric, soft studio lighting, subtle soft drop shadow, transparent background, glossy rounded style, centered, 1:1, no text no logo no watermark, of a barcode scanner"
"time-clock-01","출퇴근기록기","컴퓨터·사무기기","A bright clean premium 3D icon, isometric, soft studio lighting, subtle soft drop shadow, transparent background, glossy rounded style, centered, 1:1, no text no logo no watermark, of a time clock"
"archive-scanner-01","문서보관스캐너","컴퓨터·사무기기","A bright clean premium 3D icon, isometric, soft studio lighting, subtle soft drop shadow, transparent background, glossy rounded style, centered, 1:1, no text no logo no watermark, of a archive scanner"
"photo-printer-01","미니빔프린터","컴퓨터·사무기기","A bright clean premium 3D icon, isometric, soft studio lighting, subtle soft drop shadow, transparent background, glossy rounded style, centered, 1:1, no text no logo no watermark, of a photo printer"
"3d-printer-01","3D프린터","컴퓨터·사무기기","A bright clean premium 3D icon, isometric, soft studio lighting, subtle soft drop shadow, transparent background, glossy rounded style, centered, 1:1, no text no logo no watermark, of a 3d printer"
"plotter-01","플로터","컴퓨터·사무기기","A bright clean premium 3D icon, isometric, soft studio lighting, subtle soft drop shadow, transparent background, glossy rounded style, centered, 1:1, no text no logo no watermark, of a plotter"
"kiosk-01","키오스크","컴퓨터·사무기기","A bright clean premium 3D icon, isometric, soft studio lighting, subtle soft drop shadow, transparent background, glossy rounded style, centered, 1:1, no text no logo no watermark, of a kiosk"
"monitor-riser-01","모니터스탠드받침","컴퓨터·사무기기","A bright clean premium 3D icon, isometric, soft studio lighting, subtle soft drop shadow, transparent background, glossy rounded style, centered, 1:1, no text no logo no watermark, of a monitor riser"
"laptop-cooler-01","노트북쿨러","컴퓨터·사무기기","A bright clean premium 3D icon, isometric, soft studio lighting, subtle soft drop shadow, transparent background, glossy rounded style, centered, 1:1, no text no logo no watermark, of a laptop cooler"
"sofa-01","소파","거실가구","A bright clean premium 3D icon, isometric, soft studio lighting, subtle soft drop shadow, transparent background, glossy rounded style, centered, 1:1, no text no logo no watermark, of a sofa"
"two-seat-sofa-01","2인소파","거실가구","A bright clean premium 3D icon, isometric, soft studio lighting, subtle soft drop shadow, transparent background, glossy rounded style, centered, 1:1, no text no logo no watermark, of a two seat sofa"
"three-seat-sofa-01","3인소파","거실가구","A bright clean premium 3D icon, isometric, soft studio lighting, subtle soft drop shadow, transparent background, glossy rounded style, centered, 1:1, no text no logo no watermark, of a three seat sofa"
"four-seat-sofa-01","4인소파","거실가구","A bright clean premium 3D icon, isometric, soft studio lighting, subtle soft drop shadow, transparent background, glossy rounded style, centered, 1:1, no text no logo no watermark, of a four seat sofa"
"corner-sofa-01","코너소파","거실가구","A bright clean premium 3D icon, isometric, soft studio lighting, subtle soft drop shadow, transparent background, glossy rounded style, centered, 1:1, no text no logo no watermark, of a corner sofa"
"recliner-01","리클라이너","거실가구","A bright clean premium 3D icon, isometric, soft studio lighting, subtle soft drop shadow, transparent background, glossy rounded style, centered, 1:1, no text no logo no watermark, of a recliner"
"sofa-bed-01","소파베드","거실가구","A bright clean premium 3D icon, isometric, soft studio lighting, subtle soft drop shadow, transparent background, glossy rounded style, centered, 1:1, no text no logo no watermark, of a sofa bed"
"armchair-01","1인안락의자","거실가구","A bright clean premium 3D icon, isometric, soft studio lighting, subtle soft drop shadow, transparent background, glossy rounded style, centered, 1:1, no text no logo no watermark, of a armchair"
"stool-01","스툴","거실가구","A bright clean premium 3D icon, isometric, soft studio lighting, subtle soft drop shadow, transparent background, glossy rounded style, centered, 1:1, no text no logo no watermark, of a stool"
"living-room-table-01","거실테이블","거실가구","A bright clean premium 3D icon, isometric, soft studio lighting, subtle soft drop shadow, transparent background, glossy rounded style, centered, 1:1, no text no logo no watermark, of a living room table"
"sofa-side-table-01","소파테이블","거실가구","A bright clean premium 3D icon, isometric, soft studio lighting, subtle soft drop shadow, transparent background, glossy rounded style, centered, 1:1, no text no logo no watermark, of a sofa side table"
"coffee-table-01","티테이블","거실가구","A bright clean premium 3D icon, isometric, soft studio lighting, subtle soft drop shadow, transparent background, glossy rounded style, centered, 1:1, no text no logo no watermark, of a coffee table"
"console-table-01","콘솔테이블","거실가구","A bright clean premium 3D icon, isometric, soft studio lighting, subtle soft drop shadow, transparent background, glossy rounded style, centered, 1:1, no text no logo no watermark, of a console table"
"tv-stand-01","TV장","거실가구","A bright clean premium 3D icon, isometric, soft studio lighting, subtle soft drop shadow, transparent background, glossy rounded style, centered, 1:1, no text no logo no watermark, of a tv stand"
"living-room-cabinet-01","거실장","거실가구","A bright clean premium 3D icon, isometric, soft studio lighting, subtle soft drop shadow, transparent background, glossy rounded style, centered, 1:1, no text no logo no watermark, of a living room cabinet"
"display-cabinet-01","장식장","거실가구","A bright clean premium 3D icon, isometric, soft studio lighting, subtle soft drop shadow, transparent background, glossy rounded style, centered, 1:1, no text no logo no watermark, of a display cabinet"
"showcase-cabinet-01","진열장","거실가구","A bright clean premium 3D icon, isometric, soft studio lighting, subtle soft drop shadow, transparent background, glossy rounded style, centered, 1:1, no text no logo no watermark, of a showcase cabinet"
"art-wall-cabinet-01","아트월수납장","거실가구","A bright clean premium 3D icon, isometric, soft studio lighting, subtle soft drop shadow, transparent background, glossy rounded style, centered, 1:1, no text no logo no watermark, of a art wall cabinet"
"living-room-shelf-01","거실선반","거실가구","A bright clean premium 3D icon, isometric, soft studio lighting, subtle soft drop shadow, transparent background, glossy rounded style, centered, 1:1, no text no logo no watermark, of a living room shelf"
"audio-cabinet-01","오디오장","거실가구","A bright clean premium 3D icon, isometric, soft studio lighting, subtle soft drop shadow, transparent background, glossy rounded style, centered, 1:1, no text no logo no watermark, of a audio cabinet"
"wall-shelf-01","벽선반","거실가구","A bright clean premium 3D icon, isometric, soft studio lighting, subtle soft drop shadow, transparent background, glossy rounded style, centered, 1:1, no text no logo no watermark, of a wall shelf"
"room-partition-01","파티션","거실가구","A bright clean premium 3D icon, isometric, soft studio lighting, subtle soft drop shadow, transparent background, glossy rounded style, centered, 1:1, no text no logo no watermark, of a room partition"
"bean-bag-01","빈백","거실가구","A bright clean premium 3D icon, isometric, soft studio lighting, subtle soft drop shadow, transparent background, glossy rounded style, centered, 1:1, no text no logo no watermark, of a bean bag"
"carpet-01","카펫","거실가구","A bright clean premium 3D icon, isometric, soft studio lighting, subtle soft drop shadow, transparent background, glossy rounded style, centered, 1:1, no text no logo no watermark, of a carpet"
"rug-01","러그","거실가구","A bright clean premium 3D icon, isometric, soft studio lighting, subtle soft drop shadow, transparent background, glossy rounded style, centered, 1:1, no text no logo no watermark, of a rug"
"living-massage-chair-01","안마의자거실","거실가구","A bright clean premium 3D icon, isometric, soft studio lighting, subtle soft drop shadow, transparent background, glossy rounded style, centered, 1:1, no text no logo no watermark, of a living massage chair"
"rocking-chair-01","흔들의자","거실가구","A bright clean premium 3D icon, isometric, soft studio lighting, subtle soft drop shadow, transparent background, glossy rounded style, centered, 1:1, no text no logo no watermark, of a rocking chair"
"single-recliner-01","1인용리클라이너","거실가구","A bright clean premium 3D icon, isometric, soft studio lighting, subtle soft drop shadow, transparent background, glossy rounded style, centered, 1:1, no text no logo no watermark, of a single recliner"
"living-bench-01","거실벤치","거실가구","A bright clean premium 3D icon, isometric, soft studio lighting, subtle soft drop shadow, transparent background, glossy rounded style, centered, 1:1, no text no logo no watermark, of a living bench"
"magazine-rack-01","신문꽂이","거실가구","A bright clean premium 3D icon, isometric, soft studio lighting, subtle soft drop shadow, transparent background, glossy rounded style, centered, 1:1, no text no logo no watermark, of a magazine rack"
"plant-stand-01","화분받침대","거실가구","A bright clean premium 3D icon, isometric, soft studio lighting, subtle soft drop shadow, transparent background, glossy rounded style, centered, 1:1, no text no logo no watermark, of a plant stand"
"storage-bench-01","거실수납벤치","거실가구","A bright clean premium 3D icon, isometric, soft studio lighting, subtle soft drop shadow, transparent background, glossy rounded style, centered, 1:1, no text no logo no watermark, of a storage bench"
"sofa-cushion-set-01","소파쿠션세트","거실가구","A bright clean premium 3D icon, isometric, soft studio lighting, subtle soft drop shadow, transparent background, glossy rounded style, centered, 1:1, no text no logo no watermark, of a sofa cushion set"
"curtain-box-01","거실커튼박스","거실가구","A bright clean premium 3D icon, isometric, soft studio lighting, subtle soft drop shadow, transparent background, glossy rounded style, centered, 1:1, no text no logo no watermark, of a curtain box"
"floor-lamp-01","장스탠드조명","거실가구","A bright clean premium 3D icon, isometric, soft studio lighting, subtle soft drop shadow, transparent background, glossy rounded style, centered, 1:1, no text no logo no watermark, of a floor lamp"
"table-lamp-01","테이블조명","거실가구","A bright clean premium 3D icon, isometric, soft studio lighting, subtle soft drop shadow, transparent background, glossy rounded style, centered, 1:1, no text no logo no watermark, of a table lamp"
"wall-mirror-01","벽걸이거울","거실가구","A bright clean premium 3D icon, isometric, soft studio lighting, subtle soft drop shadow, transparent background, glossy rounded style, centered, 1:1, no text no logo no watermark, of a wall mirror"
"full-length-mirror-01","전신거울","거실가구","A bright clean premium 3D icon, isometric, soft studio lighting, subtle soft drop shadow, transparent background, glossy rounded style, centered, 1:1, no text no logo no watermark, of a full length mirror"
"low-bookshelf-01","거실책장낮은","거실가구","A bright clean premium 3D icon, isometric, soft studio lighting, subtle soft drop shadow, transparent background, glossy rounded style, centered, 1:1, no text no logo no watermark, of a low bookshelf"
"utility-shelf-01","다용도선반","거실가구","A bright clean premium 3D icon, isometric, soft studio lighting, subtle soft drop shadow, transparent background, glossy rounded style, centered, 1:1, no text no logo no watermark, of a utility shelf"
"sofa-arm-tray-01","소파팔걸이트레이","거실가구","A bright clean premium 3D icon, isometric, soft studio lighting, subtle soft drop shadow, transparent background, glossy rounded style, centered, 1:1, no text no logo no watermark, of a sofa arm tray"
"living-side-table-01","거실협탁","거실가구","A bright clean premium 3D icon, isometric, soft studio lighting, subtle soft drop shadow, transparent background, glossy rounded style, centered, 1:1, no text no logo no watermark, of a living side table"
"decorative-shelf-01","거실장식선반","거실가구","A bright clean premium 3D icon, isometric, soft studio lighting, subtle soft drop shadow, transparent background, glossy rounded style, centered, 1:1, no text no logo no watermark, of a decorative shelf"
"antique-console-01","엔틱콘솔","거실가구","A bright clean premium 3D icon, isometric, soft studio lighting, subtle soft drop shadow, transparent background, glossy rounded style, centered, 1:1, no text no logo no watermark, of a antique console"
"large-carpet-01","대형카펫","거실가구","A bright clean premium 3D icon, isometric, soft studio lighting, subtle soft drop shadow, transparent background, glossy rounded style, centered, 1:1, no text no logo no watermark, of a large carpet"
"corner-cabinet-01","코너장식장","거실가구","A bright clean premium 3D icon, isometric, soft studio lighting, subtle soft drop shadow, transparent background, glossy rounded style, centered, 1:1, no text no logo no watermark, of a corner cabinet"
"living-storage-cabinet-01","거실full수납장","거실가구","A bright clean premium 3D icon, isometric, soft studio lighting, subtle soft drop shadow, transparent background, glossy rounded style, centered, 1:1, no text no logo no watermark, of a living storage cabinet"
"vintage-sofa-01","빈티지소파","거실가구","A bright clean premium 3D icon, isometric, soft studio lighting, subtle soft drop shadow, transparent background, glossy rounded style, centered, 1:1, no text no logo no watermark, of a vintage sofa"
"fabric-sofa-01","패브릭소파","거실가구","A bright clean premium 3D icon, isometric, soft studio lighting, subtle soft drop shadow, transparent background, glossy rounded style, centered, 1:1, no text no logo no watermark, of a fabric sofa"
"leather-sofa-01","가죽소파","거실가구","A bright clean premium 3D icon, isometric, soft studio lighting, subtle soft drop shadow, transparent background, glossy rounded style, centered, 1:1, no text no logo no watermark, of a leather sofa"
"bed-01","침대","침실가구","A bright clean premium 3D icon, isometric, soft studio lighting, subtle soft drop shadow, transparent background, glossy rounded style, centered, 1:1, no text no logo no watermark, of a bed"
"single-bed-01","싱글침대","침실가구","A bright clean premium 3D icon, isometric, soft studio lighting, subtle soft drop shadow, transparent background, glossy rounded style, centered, 1:1, no text no logo no watermark, of a single bed"
"super-single-bed-01","슈퍼싱글침대","침실가구","A bright clean premium 3D icon, isometric, soft studio lighting, subtle soft drop shadow, transparent background, glossy rounded style, centered, 1:1, no text no logo no watermark, of a super single bed"
"double-bed-01","더블침대","침실가구","A bright clean premium 3D icon, isometric, soft studio lighting, subtle soft drop shadow, transparent background, glossy rounded style, centered, 1:1, no text no logo no watermark, of a double bed"
"queen-bed-01","퀸침대","침실가구","A bright clean premium 3D icon, isometric, soft studio lighting, subtle soft drop shadow, transparent background, glossy rounded style, centered, 1:1, no text no logo no watermark, of a queen bed"
"king-bed-01","킹침대","침실가구","A bright clean premium 3D icon, isometric, soft studio lighting, subtle soft drop shadow, transparent background, glossy rounded style, centered, 1:1, no text no logo no watermark, of a king bed"
"mattress-01","매트리스","침실가구","A bright clean premium 3D icon, isometric, soft studio lighting, subtle soft drop shadow, transparent background, glossy rounded style, centered, 1:1, no text no logo no watermark, of a mattress"
"mattress-topper-01","토퍼","침실가구","A bright clean premium 3D icon, isometric, soft studio lighting, subtle soft drop shadow, transparent background, glossy rounded style, centered, 1:1, no text no logo no watermark, of a mattress topper"
"bed-frame-01","침대프레임","침실가구","A bright clean premium 3D icon, isometric, soft studio lighting, subtle soft drop shadow, transparent background, glossy rounded style, centered, 1:1, no text no logo no watermark, of a bed frame"
"headboard-01","헤드보드","침실가구","A bright clean premium 3D icon, isometric, soft studio lighting, subtle soft drop shadow, transparent background, glossy rounded style, centered, 1:1, no text no logo no watermark, of a headboard"
"bunk-bed-01","2층침대","침실가구","A bright clean premium 3D icon, isometric, soft studio lighting, subtle soft drop shadow, transparent background, glossy rounded style, centered, 1:1, no text no logo no watermark, of a bunk bed"
"family-bed-01","패밀리침대","침실가구","A bright clean premium 3D icon, isometric, soft studio lighting, subtle soft drop shadow, transparent background, glossy rounded style, centered, 1:1, no text no logo no watermark, of a family bed"
"floor-bed-platform-01","평상","침실가구","A bright clean premium 3D icon, isometric, soft studio lighting, subtle soft drop shadow, transparent background, glossy rounded style, centered, 1:1, no text no logo no watermark, of a floor bed platform"
"stone-bed-01","돌침대","침실가구","A bright clean premium 3D icon, isometric, soft studio lighting, subtle soft drop shadow, transparent background, glossy rounded style, centered, 1:1, no text no logo no watermark, of a stone bed"
"clay-bed-01","흙침대","침실가구","A bright clean premium 3D icon, isometric, soft studio lighting, subtle soft drop shadow, transparent background, glossy rounded style, centered, 1:1, no text no logo no watermark, of a clay bed"
"wardrobe-01","장롱","침실가구","A bright clean premium 3D icon, isometric, soft studio lighting, subtle soft drop shadow, transparent background, glossy rounded style, centered, 1:1, no text no logo no watermark, of a wardrobe"
"builtin-closet-door-01","붙박이장문짝","침실가구","A bright clean premium 3D icon, isometric, soft studio lighting, subtle soft drop shadow, transparent background, glossy rounded style, centered, 1:1, no text no logo no watermark, of a builtin closet door"
"clothes-closet-01","옷장","침실가구","A bright clean premium 3D icon, isometric, soft studio lighting, subtle soft drop shadow, transparent background, glossy rounded style, centered, 1:1, no text no logo no watermark, of a clothes closet"
"hanger-closet-01","행거옷장","침실가구","A bright clean premium 3D icon, isometric, soft studio lighting, subtle soft drop shadow, transparent background, glossy rounded style, centered, 1:1, no text no logo no watermark, of a hanger closet"
"dressroom-shelf-01","드레스룸선반","침실가구","A bright clean premium 3D icon, isometric, soft studio lighting, subtle soft drop shadow, transparent background, glossy rounded style, centered, 1:1, no text no logo no watermark, of a dressroom shelf"
"dressing-table-01","화장대","침실가구","A bright clean premium 3D icon, isometric, soft studio lighting, subtle soft drop shadow, transparent background, glossy rounded style, centered, 1:1, no text no logo no watermark, of a dressing table"
"vanity-chair-01","화장대의자","침실가구","A bright clean premium 3D icon, isometric, soft studio lighting, subtle soft drop shadow, transparent background, glossy rounded style, centered, 1:1, no text no logo no watermark, of a vanity chair"
"chest-of-drawers-01","서랍장","침실가구","A bright clean premium 3D icon, isometric, soft studio lighting, subtle soft drop shadow, transparent background, glossy rounded style, centered, 1:1, no text no logo no watermark, of a chest of drawers"
"three-drawer-chest-01","3단서랍장","침실가구","A bright clean premium 3D icon, isometric, soft studio lighting, subtle soft drop shadow, transparent background, glossy rounded style, centered, 1:1, no text no logo no watermark, of a three drawer chest"
"five-drawer-chest-01","5단서랍장","침실가구","A bright clean premium 3D icon, isometric, soft studio lighting, subtle soft drop shadow, transparent background, glossy rounded style, centered, 1:1, no text no logo no watermark, of a five drawer chest"
"nightstand-01","협탁","침실가구","A bright clean premium 3D icon, isometric, soft studio lighting, subtle soft drop shadow, transparent background, glossy rounded style, centered, 1:1, no text no logo no watermark, of a nightstand"
"bedside-table-01","침실협탁2","침실가구","A bright clean premium 3D icon, isometric, soft studio lighting, subtle soft drop shadow, transparent background, glossy rounded style, centered, 1:1, no text no logo no watermark, of a bedside table"
"bedding-cabinet-01","이불장","침실가구","A bright clean premium 3D icon, isometric, soft studio lighting, subtle soft drop shadow, transparent background, glossy rounded style, centered, 1:1, no text no logo no watermark, of a bedding cabinet"
"vanity-mirror-stand-01","경대","침실가구","A bright clean premium 3D icon, isometric, soft studio lighting, subtle soft drop shadow, transparent background, glossy rounded style, centered, 1:1, no text no logo no watermark, of a vanity mirror stand"
"standing-mirror-cabinet-01","전신경대","침실가구","A bright clean premium 3D icon, isometric, soft studio lighting, subtle soft drop shadow, transparent background, glossy rounded style, centered, 1:1, no text no logo no watermark, of a standing mirror cabinet"
"bedroom-bench-01","침실벤치","침실가구","A bright clean premium 3D icon, isometric, soft studio lighting, subtle soft drop shadow, transparent background, glossy rounded style, centered, 1:1, no text no logo no watermark, of a bedroom bench"
"bedroom-mirror-01","침실화장경","침실가구","A bright clean premium 3D icon, isometric, soft studio lighting, subtle soft drop shadow, transparent background, glossy rounded style, centered, 1:1, no text no logo no watermark, of a bedroom mirror"
"coat-rack-01","옷걸이스탠드","침실가구","A bright clean premium 3D icon, isometric, soft studio lighting, subtle soft drop shadow, transparent background, glossy rounded style, centered, 1:1, no text no logo no watermark, of a coat rack"
"under-bed-storage-01","침대수납박스","침실가구","A bright clean premium 3D icon, isometric, soft studio lighting, subtle soft drop shadow, transparent background, glossy rounded style, centered, 1:1, no text no logo no watermark, of a under bed storage"
"bedroom-bookshelf-01","침실책장","침실가구","A bright clean premium 3D icon, isometric, soft studio lighting, subtle soft drop shadow, transparent background, glossy rounded style, centered, 1:1, no text no logo no watermark, of a bedroom bookshelf"
"junior-bed-01","주니어침대","침실가구","A bright clean premium 3D icon, isometric, soft studio lighting, subtle soft drop shadow, transparent background, glossy rounded style, centered, 1:1, no text no logo no watermark, of a junior bed"
"wooden-bed-01","원목침대","침실가구","A bright clean premium 3D icon, isometric, soft studio lighting, subtle soft drop shadow, transparent background, glossy rounded style, centered, 1:1, no text no logo no watermark, of a wooden bed"
"metal-bed-frame-01","철제침대","침실가구","A bright clean premium 3D icon, isometric, soft studio lighting, subtle soft drop shadow, transparent background, glossy rounded style, centered, 1:1, no text no logo no watermark, of a metal bed frame"
"storage-bed-01","수납침대","침실가구","A bright clean premium 3D icon, isometric, soft studio lighting, subtle soft drop shadow, transparent background, glossy rounded style, centered, 1:1, no text no logo no watermark, of a storage bed"
"bed-slat-base-01","침대깔판","침실가구","A bright clean premium 3D icon, isometric, soft studio lighting, subtle soft drop shadow, transparent background, glossy rounded style, centered, 1:1, no text no logo no watermark, of a bed slat base"
"three-door-wardrobe-01","대형장롱3문","침실가구","A bright clean premium 3D icon, isometric, soft studio lighting, subtle soft drop shadow, transparent background, glossy rounded style, centered, 1:1, no text no logo no watermark, of a three door wardrobe"
"four-door-wardrobe-01","대형장롱4문","침실가구","A bright clean premium 3D icon, isometric, soft studio lighting, subtle soft drop shadow, transparent background, glossy rounded style, centered, 1:1, no text no logo no watermark, of a four door wardrobe"
"sliding-wardrobe-01","슬라이딩장롱","침실가구","A bright clean premium 3D icon, isometric, soft studio lighting, subtle soft drop shadow, transparent background, glossy rounded style, centered, 1:1, no text no logo no watermark, of a sliding wardrobe"
"corner-wardrobe-01","코너장롱","침실가구","A bright clean premium 3D icon, isometric, soft studio lighting, subtle soft drop shadow, transparent background, glossy rounded style, centered, 1:1, no text no logo no watermark, of a corner wardrobe"
"sliding-closet-01","미닫이옷장","침실가구","A bright clean premium 3D icon, isometric, soft studio lighting, subtle soft drop shadow, transparent background, glossy rounded style, centered, 1:1, no text no logo no watermark, of a sliding closet"
"vanity-set-01","화장대세트","침실가구","A bright clean premium 3D icon, isometric, soft studio lighting, subtle soft drop shadow, transparent background, glossy rounded style, centered, 1:1, no text no logo no watermark, of a vanity set"
"bedroom-dresser-01","침실full드레서","침실가구","A bright clean premium 3D icon, isometric, soft studio lighting, subtle soft drop shadow, transparent background, glossy rounded style, centered, 1:1, no text no logo no watermark, of a bedroom dresser"
"baby-drawer-chest-01","아기서랍장","침실가구","A bright clean premium 3D icon, isometric, soft studio lighting, subtle soft drop shadow, transparent background, glossy rounded style, centered, 1:1, no text no logo no watermark, of a baby drawer chest"
"wooden-vanity-01","원목화장대","침실가구","A bright clean premium 3D icon, isometric, soft studio lighting, subtle soft drop shadow, transparent background, glossy rounded style, centered, 1:1, no text no logo no watermark, of a wooden vanity"
"mirror-wardrobe-01","침실전신거울장","침실가구","A bright clean premium 3D icon, isometric, soft studio lighting, subtle soft drop shadow, transparent background, glossy rounded style, centered, 1:1, no text no logo no watermark, of a mirror wardrobe"
"motion-bed-frame-01","모션침대","침실가구","A bright clean premium 3D icon, isometric, soft studio lighting, subtle soft drop shadow, transparent background, glossy rounded style, centered, 1:1, no text no logo no watermark, of a motion bed frame"
"dining-table-01","식탁","주방가구","A bright clean premium 3D icon, isometric, soft studio lighting, subtle soft drop shadow, transparent background, glossy rounded style, centered, 1:1, no text no logo no watermark, of a dining table"
"two-seat-dining-table-01","2인식탁","주방가구","A bright clean premium 3D icon, isometric, soft studio lighting, subtle soft drop shadow, transparent background, glossy rounded style, centered, 1:1, no text no logo no watermark, of a two seat dining table"
"four-seat-dining-table-01","4인식탁","주방가구","A bright clean premium 3D icon, isometric, soft studio lighting, subtle soft drop shadow, transparent background, glossy rounded style, centered, 1:1, no text no logo no watermark, of a four seat dining table"
"six-seat-dining-table-01","6인식탁","주방가구","A bright clean premium 3D icon, isometric, soft studio lighting, subtle soft drop shadow, transparent background, glossy rounded style, centered, 1:1, no text no logo no watermark, of a six seat dining table"
"dining-chair-01","식탁의자","주방가구","A bright clean premium 3D icon, isometric, soft studio lighting, subtle soft drop shadow, transparent background, glossy rounded style, centered, 1:1, no text no logo no watermark, of a dining chair"
"dining-bench-01","벤치의자","주방가구","A bright clean premium 3D icon, isometric, soft studio lighting, subtle soft drop shadow, transparent background, glossy rounded style, centered, 1:1, no text no logo no watermark, of a dining bench"
"kitchen-island-01","아일랜드식탁","주방가구","A bright clean premium 3D icon, isometric, soft studio lighting, subtle soft drop shadow, transparent background, glossy rounded style, centered, 1:1, no text no logo no watermark, of a kitchen island"
"home-bar-table-01","홈바테이블","주방가구","A bright clean premium 3D icon, isometric, soft studio lighting, subtle soft drop shadow, transparent background, glossy rounded style, centered, 1:1, no text no logo no watermark, of a home bar table"
"bar-stool-01","바스툴","주방가구","A bright clean premium 3D icon, isometric, soft studio lighting, subtle soft drop shadow, transparent background, glossy rounded style, centered, 1:1, no text no logo no watermark, of a bar stool"
"kitchen-cabinet-01","주방수납장","주방가구","A bright clean premium 3D icon, isometric, soft studio lighting, subtle soft drop shadow, transparent background, glossy rounded style, centered, 1:1, no text no logo no watermark, of a kitchen cabinet"
"dish-cabinet-01","그릇장","주방가구","A bright clean premium 3D icon, isometric, soft studio lighting, subtle soft drop shadow, transparent background, glossy rounded style, centered, 1:1, no text no logo no watermark, of a dish cabinet"
"cupboard-01","찬장","주방가구","A bright clean premium 3D icon, isometric, soft studio lighting, subtle soft drop shadow, transparent background, glossy rounded style, centered, 1:1, no text no logo no watermark, of a cupboard"
"range-stand-01","레인지대","주방가구","A bright clean premium 3D icon, isometric, soft studio lighting, subtle soft drop shadow, transparent background, glossy rounded style, centered, 1:1, no text no logo no watermark, of a range stand"
"microwave-shelf-01","전자레인지선반","주방가구","A bright clean premium 3D icon, isometric, soft studio lighting, subtle soft drop shadow, transparent background, glossy rounded style, centered, 1:1, no text no logo no watermark, of a microwave shelf"
"fridge-base-stand-01","김치냉장고받침","주방가구","A bright clean premium 3D icon, isometric, soft studio lighting, subtle soft drop shadow, transparent background, glossy rounded style, centered, 1:1, no text no logo no watermark, of a fridge base stand"
"island-storage-01","주방아일랜드수납","주방가구","A bright clean premium 3D icon, isometric, soft studio lighting, subtle soft drop shadow, transparent background, glossy rounded style, centered, 1:1, no text no logo no watermark, of a island storage"
"dish-rack-shelf-01","食器정리선반","주방가구","A bright clean premium 3D icon, isometric, soft studio lighting, subtle soft drop shadow, transparent background, glossy rounded style, centered, 1:1, no text no logo no watermark, of a dish rack shelf"
"kitchen-slim-cabinet-01","주방틈새장","주방가구","A bright clean premium 3D icon, isometric, soft studio lighting, subtle soft drop shadow, transparent background, glossy rounded style, centered, 1:1, no text no logo no watermark, of a kitchen slim cabinet"
"rice-storage-cabinet-01","쌀통수납장","주방가구","A bright clean premium 3D icon, isometric, soft studio lighting, subtle soft drop shadow, transparent background, glossy rounded style, centered, 1:1, no text no logo no watermark, of a rice storage cabinet"
"kitchen-storage-bench-01","주방벤치수납","주방가구","A bright clean premium 3D icon, isometric, soft studio lighting, subtle soft drop shadow, transparent background, glossy rounded style, centered, 1:1, no text no logo no watermark, of a kitchen storage bench"
"wine-rack-01","와인랙","주방가구","A bright clean premium 3D icon, isometric, soft studio lighting, subtle soft drop shadow, transparent background, glossy rounded style, centered, 1:1, no text no logo no watermark, of a wine rack"
"kitchen-utility-shelf-01","다용도주방선반","주방가구","A bright clean premium 3D icon, isometric, soft studio lighting, subtle soft drop shadow, transparent background, glossy rounded style, centered, 1:1, no text no logo no watermark, of a kitchen utility shelf"
"kitchen-trolley-01","주방트롤리","주방가구","A bright clean premium 3D icon, isometric, soft studio lighting, subtle soft drop shadow, transparent background, glossy rounded style, centered, 1:1, no text no logo no watermark, of a kitchen trolley"
"island-bar-01","아일랜드바","주방가구","A bright clean premium 3D icon, isometric, soft studio lighting, subtle soft drop shadow, transparent background, glossy rounded style, centered, 1:1, no text no logo no watermark, of a island bar"
"wooden-dining-table-01","원목식탁","주방가구","A bright clean premium 3D icon, isometric, soft studio lighting, subtle soft drop shadow, transparent background, glossy rounded style, centered, 1:1, no text no logo no watermark, of a wooden dining table"
"marble-dining-table-01","대리석식탁","주방가구","A bright clean premium 3D icon, isometric, soft studio lighting, subtle soft drop shadow, transparent background, glossy rounded style, centered, 1:1, no text no logo no watermark, of a marble dining table"
"folding-dining-table-01","접이식식탁","주방가구","A bright clean premium 3D icon, isometric, soft studio lighting, subtle soft drop shadow, transparent background, glossy rounded style, centered, 1:1, no text no logo no watermark, of a folding dining table"
"extendable-dining-table-01","확장형식탁","주방가구","A bright clean premium 3D icon, isometric, soft studio lighting, subtle soft drop shadow, transparent background, glossy rounded style, centered, 1:1, no text no logo no watermark, of a extendable dining table"
"home-bar-cabinet-01","주방홈바장","주방가구","A bright clean premium 3D icon, isometric, soft studio lighting, subtle soft drop shadow, transparent background, glossy rounded style, centered, 1:1, no text no logo no watermark, of a home bar cabinet"
"coffee-bar-table-01","커피바테이블","주방가구","A bright clean premium 3D icon, isometric, soft studio lighting, subtle soft drop shadow, transparent background, glossy rounded style, centered, 1:1, no text no logo no watermark, of a coffee bar table"
"hood-cabinet-01","주방후드장","주방가구","A bright clean premium 3D icon, isometric, soft studio lighting, subtle soft drop shadow, transparent background, glossy rounded style, centered, 1:1, no text no logo no watermark, of a hood cabinet"
"sink-upper-cabinet-01","싱크대상부장","주방가구","A bright clean premium 3D icon, isometric, soft studio lighting, subtle soft drop shadow, transparent background, glossy rounded style, centered, 1:1, no text no logo no watermark, of a sink upper cabinet"
"sink-lower-cabinet-01","싱크대하부장","주방가구","A bright clean premium 3D icon, isometric, soft studio lighting, subtle soft drop shadow, transparent background, glossy rounded style, centered, 1:1, no text no logo no watermark, of a sink lower cabinet"
"auxiliary-sink-unit-01","보조싱크대","주방가구","A bright clean premium 3D icon, isometric, soft studio lighting, subtle soft drop shadow, transparent background, glossy rounded style, centered, 1:1, no text no logo no watermark, of a auxiliary sink unit"
"kitchen-wall-shelf-01","주방벽선반","주방가구","A bright clean premium 3D icon, isometric, soft studio lighting, subtle soft drop shadow, transparent background, glossy rounded style, centered, 1:1, no text no logo no watermark, of a kitchen wall shelf"
"dining-set-01","다이닝세트","주방가구","A bright clean premium 3D icon, isometric, soft studio lighting, subtle soft drop shadow, transparent background, glossy rounded style, centered, 1:1, no text no logo no watermark, of a dining set"
"kitchen-gap-storage-01","주방틈새수납","주방가구","A bright clean premium 3D icon, isometric, soft studio lighting, subtle soft drop shadow, transparent background, glossy rounded style, centered, 1:1, no text no logo no watermark, of a kitchen gap storage"
"spice-shelf-01","양념선반","주방가구","A bright clean premium 3D icon, isometric, soft studio lighting, subtle soft drop shadow, transparent background, glossy rounded style, centered, 1:1, no text no logo no watermark, of a spice shelf"
"dish-drying-cabinet-01","食기건조대장","주방가구","A bright clean premium 3D icon, isometric, soft studio lighting, subtle soft drop shadow, transparent background, glossy rounded style, centered, 1:1, no text no logo no watermark, of a dish drying cabinet"
"kitchen-corner-cabinet-01","주방코너장","주방가구","A bright clean premium 3D icon, isometric, soft studio lighting, subtle soft drop shadow, transparent background, glossy rounded style, centered, 1:1, no text no logo no watermark, of a kitchen corner cabinet"
"round-dining-table-01","원형식탁","주방가구","A bright clean premium 3D icon, isometric, soft studio lighting, subtle soft drop shadow, transparent background, glossy rounded style, centered, 1:1, no text no logo no watermark, of a round dining table"
"four-seat-dining-set-01","4인다이닝세트","주방가구","A bright clean premium 3D icon, isometric, soft studio lighting, subtle soft drop shadow, transparent background, glossy rounded style, centered, 1:1, no text no logo no watermark, of a four seat dining set"
"six-seat-dining-set-01","6인다이닝세트","주방가구","A bright clean premium 3D icon, isometric, soft studio lighting, subtle soft drop shadow, transparent background, glossy rounded style, centered, 1:1, no text no logo no watermark, of a six seat dining set"
"folding-kitchen-table-01","접이식주방테이블","주방가구","A bright clean premium 3D icon, isometric, soft studio lighting, subtle soft drop shadow, transparent background, glossy rounded style, centered, 1:1, no text no logo no watermark, of a folding kitchen table"
"kitchen-side-table-01","주방보조테이블","주방가구","A bright clean premium 3D icon, isometric, soft studio lighting, subtle soft drop shadow, transparent background, glossy rounded style, centered, 1:1, no text no logo no watermark, of a kitchen side table"
"builtin-dining-table-01","빌트인식탁","주방가구","A bright clean premium 3D icon, isometric, soft studio lighting, subtle soft drop shadow, transparent background, glossy rounded style, centered, 1:1, no text no logo no watermark, of a builtin dining table"
"kitchen-stool-set-01","주방스툴세트","주방가구","A bright clean premium 3D icon, isometric, soft studio lighting, subtle soft drop shadow, transparent background, glossy rounded style, centered, 1:1, no text no logo no watermark, of a kitchen stool set"
"breakfast-table-01","아침식탁","주방가구","A bright clean premium 3D icon, isometric, soft studio lighting, subtle soft drop shadow, transparent background, glossy rounded style, centered, 1:1, no text no logo no watermark, of a breakfast table"
"metal-kitchen-shelf-01","철제주방선반","주방가구","A bright clean premium 3D icon, isometric, soft studio lighting, subtle soft drop shadow, transparent background, glossy rounded style, centered, 1:1, no text no logo no watermark, of a metal kitchen shelf"
"tray-cabinet-01","주방수납트레이장","주방가구","A bright clean premium 3D icon, isometric, soft studio lighting, subtle soft drop shadow, transparent background, glossy rounded style, centered, 1:1, no text no logo no watermark, of a tray cabinet"
"infant-crib-01","아기침대","아동가구","A bright clean premium 3D icon, isometric, soft studio lighting, subtle soft drop shadow, transparent background, glossy rounded style, centered, 1:1, no text no logo no watermark, of a infant crib"
"bumper-bed-01","범퍼침대","아동가구","A bright clean premium 3D icon, isometric, soft studio lighting, subtle soft drop shadow, transparent background, glossy rounded style, centered, 1:1, no text no logo no watermark, of a bumper bed"
"toddler-bed-01","유아침대","아동가구","A bright clean premium 3D icon, isometric, soft studio lighting, subtle soft drop shadow, transparent background, glossy rounded style, centered, 1:1, no text no logo no watermark, of a toddler bed"
"kids-bunk-bed-01","2층아동침대","아동가구","A bright clean premium 3D icon, isometric, soft studio lighting, subtle soft drop shadow, transparent background, glossy rounded style, centered, 1:1, no text no logo no watermark, of a kids bunk bed"
"kids-desk-01","아동책상","아동가구","A bright clean premium 3D icon, isometric, soft studio lighting, subtle soft drop shadow, transparent background, glossy rounded style, centered, 1:1, no text no logo no watermark, of a kids desk"
"kids-chair-01","아동의자","아동가구","A bright clean premium 3D icon, isometric, soft studio lighting, subtle soft drop shadow, transparent background, glossy rounded style, centered, 1:1, no text no logo no watermark, of a kids chair"
"kids-desk-set-01","아동책상세트","아동가구","A bright clean premium 3D icon, isometric, soft studio lighting, subtle soft drop shadow, transparent background, glossy rounded style, centered, 1:1, no text no logo no watermark, of a kids desk set"
"kids-bookshelf-01","아동책장","아동가구","A bright clean premium 3D icon, isometric, soft studio lighting, subtle soft drop shadow, transparent background, glossy rounded style, centered, 1:1, no text no logo no watermark, of a kids bookshelf"
"toy-storage-box-01","장난감정리함","아동가구","A bright clean premium 3D icon, isometric, soft studio lighting, subtle soft drop shadow, transparent background, glossy rounded style, centered, 1:1, no text no logo no watermark, of a toy storage box"
"toy-cabinet-01","장난감수납장","아동가구","A bright clean premium 3D icon, isometric, soft studio lighting, subtle soft drop shadow, transparent background, glossy rounded style, centered, 1:1, no text no logo no watermark, of a toy cabinet"
"kids-wardrobe-01","아동옷장","아동가구","A bright clean premium 3D icon, isometric, soft studio lighting, subtle soft drop shadow, transparent background, glossy rounded style, centered, 1:1, no text no logo no watermark, of a kids wardrobe"
"kids-drawer-chest-01","아동서랍장","아동가구","A bright clean premium 3D icon, isometric, soft studio lighting, subtle soft drop shadow, transparent background, glossy rounded style, centered, 1:1, no text no logo no watermark, of a kids drawer chest"
"diaper-changing-table-01","기저귀교환대","아동가구","A bright clean premium 3D icon, isometric, soft studio lighting, subtle soft drop shadow, transparent background, glossy rounded style, centered, 1:1, no text no logo no watermark, of a diaper changing table"
"nursing-cushion-01","수유쿠션","아동가구","A bright clean premium 3D icon, isometric, soft studio lighting, subtle soft drop shadow, transparent background, glossy rounded style, centered, 1:1, no text no logo no watermark, of a nursing cushion"
"baby-bouncer-01","아기바운서","아동가구","A bright clean premium 3D icon, isometric, soft studio lighting, subtle soft drop shadow, transparent background, glossy rounded style, centered, 1:1, no text no logo no watermark, of a baby bouncer"
"baby-high-chair-01","아기체어","아동가구","A bright clean premium 3D icon, isometric, soft studio lighting, subtle soft drop shadow, transparent background, glossy rounded style, centered, 1:1, no text no logo no watermark, of a baby high chair"
"booster-seat-01","부스터의자","아동가구","A bright clean premium 3D icon, isometric, soft studio lighting, subtle soft drop shadow, transparent background, glossy rounded style, centered, 1:1, no text no logo no watermark, of a booster seat"
"stroller-01","유모차","아동가구","A bright clean premium 3D icon, isometric, soft studio lighting, subtle soft drop shadow, transparent background, glossy rounded style, centered, 1:1, no text no logo no watermark, of a stroller"
"twin-stroller-01","쌍둥이유모차","아동가구","A bright clean premium 3D icon, isometric, soft studio lighting, subtle soft drop shadow, transparent background, glossy rounded style, centered, 1:1, no text no logo no watermark, of a twin stroller"
"portable-stroller-01","휴대용유모차","아동가구","A bright clean premium 3D icon, isometric, soft studio lighting, subtle soft drop shadow, transparent background, glossy rounded style, centered, 1:1, no text no logo no watermark, of a portable stroller"
"car-seat-01","카시트","아동가구","A bright clean premium 3D icon, isometric, soft studio lighting, subtle soft drop shadow, transparent background, glossy rounded style, centered, 1:1, no text no logo no watermark, of a car seat"
"baby-wash-tub-01","아기목욕통","아동가구","A bright clean premium 3D icon, isometric, soft studio lighting, subtle soft drop shadow, transparent background, glossy rounded style, centered, 1:1, no text no logo no watermark, of a baby wash tub"
"crib-mobile-01","아기침대모빌","아동가구","A bright clean premium 3D icon, isometric, soft studio lighting, subtle soft drop shadow, transparent background, glossy rounded style, centered, 1:1, no text no logo no watermark, of a crib mobile"
"play-mat-01","놀이매트","아동가구","A bright clean premium 3D icon, isometric, soft studio lighting, subtle soft drop shadow, transparent background, glossy rounded style, centered, 1:1, no text no logo no watermark, of a play mat"
"baby-playpen-01","아기울타리","아동가구","A bright clean premium 3D icon, isometric, soft studio lighting, subtle soft drop shadow, transparent background, glossy rounded style, centered, 1:1, no text no logo no watermark, of a baby playpen"
"ball-pit-01","볼풀장","아동가구","A bright clean premium 3D icon, isometric, soft studio lighting, subtle soft drop shadow, transparent background, glossy rounded style, centered, 1:1, no text no logo no watermark, of a ball pit"
"kids-slide-01","아동미끄럼틀","아동가구","A bright clean premium 3D icon, isometric, soft studio lighting, subtle soft drop shadow, transparent background, glossy rounded style, centered, 1:1, no text no logo no watermark, of a kids slide"
"indoor-swing-01","실내그네","아동가구","A bright clean premium 3D icon, isometric, soft studio lighting, subtle soft drop shadow, transparent background, glossy rounded style, centered, 1:1, no text no logo no watermark, of a indoor swing"
"kids-book-rack-01","아동책꽂이","아동가구","A bright clean premium 3D icon, isometric, soft studio lighting, subtle soft drop shadow, transparent background, glossy rounded style, centered, 1:1, no text no logo no watermark, of a kids book rack"
"kids-sofa-01","아동소파","아동가구","A bright clean premium 3D icon, isometric, soft studio lighting, subtle soft drop shadow, transparent background, glossy rounded style, centered, 1:1, no text no logo no watermark, of a kids sofa"
"kids-bean-bag-01","빈백아동","아동가구","A bright clean premium 3D icon, isometric, soft studio lighting, subtle soft drop shadow, transparent background, glossy rounded style, centered, 1:1, no text no logo no watermark, of a kids bean bag"
"kids-vanity-01","아동화장대","아동가구","A bright clean premium 3D icon, isometric, soft studio lighting, subtle soft drop shadow, transparent background, glossy rounded style, centered, 1:1, no text no logo no watermark, of a kids vanity"
"study-chair-kids-01","학습의자","아동가구","A bright clean premium 3D icon, isometric, soft studio lighting, subtle soft drop shadow, transparent background, glossy rounded style, centered, 1:1, no text no logo no watermark, of a study chair kids"
"height-adjustable-desk-kids-01","아동높이조절책상","아동가구","A bright clean premium 3D icon, isometric, soft studio lighting, subtle soft drop shadow, transparent background, glossy rounded style, centered, 1:1, no text no logo no watermark, of a height adjustable desk kids"
"kids-hanger-01","아동행거","아동가구","A bright clean premium 3D icon, isometric, soft studio lighting, subtle soft drop shadow, transparent background, glossy rounded style, centered, 1:1, no text no logo no watermark, of a kids hanger"
"toy-tent-01","장난감텐트","아동가구","A bright clean premium 3D icon, isometric, soft studio lighting, subtle soft drop shadow, transparent background, glossy rounded style, centered, 1:1, no text no logo no watermark, of a toy tent"
"baby-dining-chair-01","아기식탁의자","아동가구","A bright clean premium 3D icon, isometric, soft studio lighting, subtle soft drop shadow, transparent background, glossy rounded style, centered, 1:1, no text no logo no watermark, of a baby dining chair"
"baby-walker-01","보행기","아동가구","A bright clean premium 3D icon, isometric, soft studio lighting, subtle soft drop shadow, transparent background, glossy rounded style, centered, 1:1, no text no logo no watermark, of a baby walker"
"crib-guard-01","아기침대가드","아동가구","A bright clean premium 3D icon, isometric, soft studio lighting, subtle soft drop shadow, transparent background, glossy rounded style, centered, 1:1, no text no logo no watermark, of a crib guard"
"kids-two-tier-shelf-01","아동2단책장","아동가구","A bright clean premium 3D icon, isometric, soft studio lighting, subtle soft drop shadow, transparent background, glossy rounded style, centered, 1:1, no text no logo no watermark, of a kids two tier shelf"
"wooden-crib-01","원목아기침대","아동가구","A bright clean premium 3D icon, isometric, soft studio lighting, subtle soft drop shadow, transparent background, glossy rounded style, centered, 1:1, no text no logo no watermark, of a wooden crib"
"bed-guard-rail-01","아동침대가드레일","아동가구","A bright clean premium 3D icon, isometric, soft studio lighting, subtle soft drop shadow, transparent background, glossy rounded style, centered, 1:1, no text no logo no watermark, of a bed guard rail"
"kids-storage-bench-01","아동수납벤치","아동가구","A bright clean premium 3D icon, isometric, soft studio lighting, subtle soft drop shadow, transparent background, glossy rounded style, centered, 1:1, no text no logo no watermark, of a kids storage bench"
"kids-ride-on-car-01","아동전동차","아동가구","A bright clean premium 3D icon, isometric, soft studio lighting, subtle soft drop shadow, transparent background, glossy rounded style, centered, 1:1, no text no logo no watermark, of a kids ride on car"
"baby-swing-chair-01","아기그네의자","아동가구","A bright clean premium 3D icon, isometric, soft studio lighting, subtle soft drop shadow, transparent background, glossy rounded style, centered, 1:1, no text no logo no watermark, of a baby swing chair"
"kids-desk-storage-01","아동책상수납","아동가구","A bright clean premium 3D icon, isometric, soft studio lighting, subtle soft drop shadow, transparent background, glossy rounded style, centered, 1:1, no text no logo no watermark, of a kids desk storage"
"toddler-table-01","유아식탁","아동가구","A bright clean premium 3D icon, isometric, soft studio lighting, subtle soft drop shadow, transparent background, glossy rounded style, centered, 1:1, no text no logo no watermark, of a toddler table"
"crib-mattress-01","아기침대매트리스","아동가구","A bright clean premium 3D icon, isometric, soft studio lighting, subtle soft drop shadow, transparent background, glossy rounded style, centered, 1:1, no text no logo no watermark, of a crib mattress"
"kids-table-set-01","아동테이블세트","아동가구","A bright clean premium 3D icon, isometric, soft studio lighting, subtle soft drop shadow, transparent background, glossy rounded style, centered, 1:1, no text no logo no watermark, of a kids table set"
"kids-wall-shelf-01","아동벽선반","아동가구","A bright clean premium 3D icon, isometric, soft studio lighting, subtle soft drop shadow, transparent background, glossy rounded style, centered, 1:1, no text no logo no watermark, of a kids wall shelf"
"office-desk-01","사무용책상","사무가구","A bright clean premium 3D icon, isometric, soft studio lighting, subtle soft drop shadow, transparent background, glossy rounded style, centered, 1:1, no text no logo no watermark, of a office desk"
"l-shaped-desk-01","ㄱ자책상","사무가구","A bright clean premium 3D icon, isometric, soft studio lighting, subtle soft drop shadow, transparent background, glossy rounded style, centered, 1:1, no text no logo no watermark, of a l shaped desk"
"conference-table-01","회의용테이블","사무가구","A bright clean premium 3D icon, isometric, soft studio lighting, subtle soft drop shadow, transparent background, glossy rounded style, centered, 1:1, no text no logo no watermark, of a conference table"
"office-chair-01","사무용의자","사무가구","A bright clean premium 3D icon, isometric, soft studio lighting, subtle soft drop shadow, transparent background, glossy rounded style, centered, 1:1, no text no logo no watermark, of a office chair"
"conference-chair-01","회의용의자","사무가구","A bright clean premium 3D icon, isometric, soft studio lighting, subtle soft drop shadow, transparent background, glossy rounded style, centered, 1:1, no text no logo no watermark, of a conference chair"
"executive-chair-01","임원의자","사무가구","A bright clean premium 3D icon, isometric, soft studio lighting, subtle soft drop shadow, transparent background, glossy rounded style, centered, 1:1, no text no logo no watermark, of a executive chair"
"partition-desk-01","파티션책상","사무가구","A bright clean premium 3D icon, isometric, soft studio lighting, subtle soft drop shadow, transparent background, glossy rounded style, centered, 1:1, no text no logo no watermark, of a partition desk"
"office-partition-01","사무파티션","사무가구","A bright clean premium 3D icon, isometric, soft studio lighting, subtle soft drop shadow, transparent background, glossy rounded style, centered, 1:1, no text no logo no watermark, of a office partition"
"filing-cabinet-01","서류함","사무가구","A bright clean premium 3D icon, isometric, soft studio lighting, subtle soft drop shadow, transparent background, glossy rounded style, centered, 1:1, no text no logo no watermark, of a filing cabinet"
"three-tier-file-cabinet-01","3단서류함","사무가구","A bright clean premium 3D icon, isometric, soft studio lighting, subtle soft drop shadow, transparent background, glossy rounded style, centered, 1:1, no text no logo no watermark, of a three tier file cabinet"
"steel-cabinet-01","캐비닛","사무가구","A bright clean premium 3D icon, isometric, soft studio lighting, subtle soft drop shadow, transparent background, glossy rounded style, centered, 1:1, no text no logo no watermark, of a steel cabinet"
"metal-storage-cabinet-01","철제캐비닛","사무가구","A bright clean premium 3D icon, isometric, soft studio lighting, subtle soft drop shadow, transparent background, glossy rounded style, centered, 1:1, no text no logo no watermark, of a metal storage cabinet"
"office-bookshelf-01","사무용책장","사무가구","A bright clean premium 3D icon, isometric, soft studio lighting, subtle soft drop shadow, transparent background, glossy rounded style, centered, 1:1, no text no logo no watermark, of a office bookshelf"
"copier-stand-01","복사기받침대","사무가구","A bright clean premium 3D icon, isometric, soft studio lighting, subtle soft drop shadow, transparent background, glossy rounded style, centered, 1:1, no text no logo no watermark, of a copier stand"
"locker-01","사물함","사무가구","A bright clean premium 3D icon, isometric, soft studio lighting, subtle soft drop shadow, transparent background, glossy rounded style, centered, 1:1, no text no logo no watermark, of a locker"
"multi-locker-01","다인용사물함","사무가구","A bright clean premium 3D icon, isometric, soft studio lighting, subtle soft drop shadow, transparent background, glossy rounded style, centered, 1:1, no text no logo no watermark, of a multi locker"
"desk-drawer-unit-01","책상서랍유닛","사무가구","A bright clean premium 3D icon, isometric, soft studio lighting, subtle soft drop shadow, transparent background, glossy rounded style, centered, 1:1, no text no logo no watermark, of a desk drawer unit"
"oa-desk-01","OA데스크","사무가구","A bright clean premium 3D icon, isometric, soft studio lighting, subtle soft drop shadow, transparent background, glossy rounded style, centered, 1:1, no text no logo no watermark, of a oa desk"
"standing-desk-01","스탠딩책상","사무가구","A bright clean premium 3D icon, isometric, soft studio lighting, subtle soft drop shadow, transparent background, glossy rounded style, centered, 1:1, no text no logo no watermark, of a standing desk"
"height-adjustable-desk-01","높이조절책상","사무가구","A bright clean premium 3D icon, isometric, soft studio lighting, subtle soft drop shadow, transparent background, glossy rounded style, centered, 1:1, no text no logo no watermark, of a height adjustable desk"
"gaming-chair-01","게이밍의자","사무가구","A bright clean premium 3D icon, isometric, soft studio lighting, subtle soft drop shadow, transparent background, glossy rounded style, centered, 1:1, no text no logo no watermark, of a gaming chair"
"mesh-office-chair-01","메쉬의자","사무가구","A bright clean premium 3D icon, isometric, soft studio lighting, subtle soft drop shadow, transparent background, glossy rounded style, centered, 1:1, no text no logo no watermark, of a mesh office chair"
"conference-whiteboard-01","회의실화이트보드","사무가구","A bright clean premium 3D icon, isometric, soft studio lighting, subtle soft drop shadow, transparent background, glossy rounded style, centered, 1:1, no text no logo no watermark, of a conference whiteboard"
"mobile-whiteboard-01","이동식화이트보드","사무가구","A bright clean premium 3D icon, isometric, soft studio lighting, subtle soft drop shadow, transparent background, glossy rounded style, centered, 1:1, no text no logo no watermark, of a mobile whiteboard"
"bulletin-board-01","게시판","사무가구","A bright clean premium 3D icon, isometric, soft studio lighting, subtle soft drop shadow, transparent background, glossy rounded style, centered, 1:1, no text no logo no watermark, of a bulletin board"
"reception-desk-01","안내데스크","사무가구","A bright clean premium 3D icon, isometric, soft studio lighting, subtle soft drop shadow, transparent background, glossy rounded style, centered, 1:1, no text no logo no watermark, of a reception desk"
"service-counter-01","카운터","사무가구","A bright clean premium 3D icon, isometric, soft studio lighting, subtle soft drop shadow, transparent background, glossy rounded style, centered, 1:1, no text no logo no watermark, of a service counter"
"office-sofa-01","사무용소파","사무가구","A bright clean premium 3D icon, isometric, soft studio lighting, subtle soft drop shadow, transparent background, glossy rounded style, centered, 1:1, no text no logo no watermark, of a office sofa"
"reception-sofa-set-01","응접세트","사무가구","A bright clean premium 3D icon, isometric, soft studio lighting, subtle soft drop shadow, transparent background, glossy rounded style, centered, 1:1, no text no logo no watermark, of a reception sofa set"
"library-bookshelf-01","도서관책장","사무가구","A bright clean premium 3D icon, isometric, soft studio lighting, subtle soft drop shadow, transparent background, glossy rounded style, centered, 1:1, no text no logo no watermark, of a library bookshelf"
"printer-cabinet-01","복합기수납장","사무가구","A bright clean premium 3D icon, isometric, soft studio lighting, subtle soft drop shadow, transparent background, glossy rounded style, centered, 1:1, no text no logo no watermark, of a printer cabinet"
"large-document-cabinet-01","문서보관함대형","사무가구","A bright clean premium 3D icon, isometric, soft studio lighting, subtle soft drop shadow, transparent background, glossy rounded style, centered, 1:1, no text no logo no watermark, of a large document cabinet"
"safe-box-01","금고","사무가구","A bright clean premium 3D icon, isometric, soft studio lighting, subtle soft drop shadow, transparent background, glossy rounded style, centered, 1:1, no text no logo no watermark, of a safe box"
"large-safe-01","대형금고","사무가구","A bright clean premium 3D icon, isometric, soft studio lighting, subtle soft drop shadow, transparent background, glossy rounded style, centered, 1:1, no text no logo no watermark, of a large safe"
"mailbox-unit-01","우편함","사무가구","A bright clean premium 3D icon, isometric, soft studio lighting, subtle soft drop shadow, transparent background, glossy rounded style, centered, 1:1, no text no logo no watermark, of a mailbox unit"
"office-shelf-01","사무선반","사무가구","A bright clean premium 3D icon, isometric, soft studio lighting, subtle soft drop shadow, transparent background, glossy rounded style, centered, 1:1, no text no logo no watermark, of a office shelf"
"angle-steel-shelf-01","철제앵글선반","사무가구","A bright clean premium 3D icon, isometric, soft studio lighting, subtle soft drop shadow, transparent background, glossy rounded style, centered, 1:1, no text no logo no watermark, of a angle steel shelf"
"mobile-shelving-01","서고이동식","사무가구","A bright clean premium 3D icon, isometric, soft studio lighting, subtle soft drop shadow, transparent background, glossy rounded style, centered, 1:1, no text no logo no watermark, of a mobile shelving"
"projector-stand-01","프로젝터스탠드","사무가구","A bright clean premium 3D icon, isometric, soft studio lighting, subtle soft drop shadow, transparent background, glossy rounded style, centered, 1:1, no text no logo no watermark, of a projector stand"
"round-conference-table-01","회의용원형테이블","사무가구","A bright clean premium 3D icon, isometric, soft studio lighting, subtle soft drop shadow, transparent background, glossy rounded style, centered, 1:1, no text no logo no watermark, of a round conference table"
"office-booth-01","1인부스","사무가구","A bright clean premium 3D icon, isometric, soft studio lighting, subtle soft drop shadow, transparent background, glossy rounded style, centered, 1:1, no text no logo no watermark, of a office booth"
"office-footrest-01","사무용발받침","사무가구","A bright clean premium 3D icon, isometric, soft studio lighting, subtle soft drop shadow, transparent background, glossy rounded style, centered, 1:1, no text no logo no watermark, of a office footrest"
"monitor-shelf-office-01","모니터받침선반","사무가구","A bright clean premium 3D icon, isometric, soft studio lighting, subtle soft drop shadow, transparent background, glossy rounded style, centered, 1:1, no text no logo no watermark, of a monitor shelf office"
"office-trolley-01","사무용트롤리","사무가구","A bright clean premium 3D icon, isometric, soft studio lighting, subtle soft drop shadow, transparent background, glossy rounded style, centered, 1:1, no text no logo no watermark, of a office trolley"
"workbench-01","작업대","사무가구","A bright clean premium 3D icon, isometric, soft studio lighting, subtle soft drop shadow, transparent background, glossy rounded style, centered, 1:1, no text no logo no watermark, of a workbench"
"lab-desk-01","실험실책상","사무가구","A bright clean premium 3D icon, isometric, soft studio lighting, subtle soft drop shadow, transparent background, glossy rounded style, centered, 1:1, no text no logo no watermark, of a lab desk"
"lectern-01","교탁","사무가구","A bright clean premium 3D icon, isometric, soft studio lighting, subtle soft drop shadow, transparent background, glossy rounded style, centered, 1:1, no text no logo no watermark, of a lectern"
"lecture-desk-01","강의용책상","사무가구","A bright clean premium 3D icon, isometric, soft studio lighting, subtle soft drop shadow, transparent background, glossy rounded style, centered, 1:1, no text no logo no watermark, of a lecture desk"
"student-desk-chair-01","학생용책걸상","사무가구","A bright clean premium 3D icon, isometric, soft studio lighting, subtle soft drop shadow, transparent background, glossy rounded style, centered, 1:1, no text no logo no watermark, of a student desk chair"
"conference-table-12-01","대형회의테이블12인","사무가구","A bright clean premium 3D icon, isometric, soft studio lighting, subtle soft drop shadow, transparent background, glossy rounded style, centered, 1:1, no text no logo no watermark, of a conference table 12"
"desk-01","책상","사무가구","A bright clean premium 3D icon, isometric, soft studio lighting, subtle soft drop shadow, transparent background, glossy rounded style, centered, 1:1, no text no logo no watermark, of a desk"
"chair-01","의자","사무가구","A bright clean premium 3D icon, isometric, soft studio lighting, subtle soft drop shadow, transparent background, glossy rounded style, centered, 1:1, no text no logo no watermark, of a chair"
"storage-cabinet-01","수납장","수납가구","A bright clean premium 3D icon, isometric, soft studio lighting, subtle soft drop shadow, transparent background, glossy rounded style, centered, 1:1, no text no logo no watermark, of a storage cabinet"
"multipurpose-cabinet-01","다용도수납장","수납가구","A bright clean premium 3D icon, isometric, soft studio lighting, subtle soft drop shadow, transparent background, glossy rounded style, centered, 1:1, no text no logo no watermark, of a multipurpose cabinet"
"plastic-drawer-01","플라스틱서랍장","수납가구","A bright clean premium 3D icon, isometric, soft studio lighting, subtle soft drop shadow, transparent background, glossy rounded style, centered, 1:1, no text no logo no watermark, of a plastic drawer"
"living-box-01","리빙박스","수납가구","A bright clean premium 3D icon, isometric, soft studio lighting, subtle soft drop shadow, transparent background, glossy rounded style, centered, 1:1, no text no logo no watermark, of a living box"
"vacuum-storage-bag-01","압축팩정리함","수납가구","A bright clean premium 3D icon, isometric, soft studio lighting, subtle soft drop shadow, transparent background, glossy rounded style, centered, 1:1, no text no logo no watermark, of a vacuum storage bag"
"clothes-hanger-rack-01","행거","수납가구","A bright clean premium 3D icon, isometric, soft studio lighting, subtle soft drop shadow, transparent background, glossy rounded style, centered, 1:1, no text no logo no watermark, of a clothes hanger rack"
"dress-hanger-stand-01","드레스행거","수납가구","A bright clean premium 3D icon, isometric, soft studio lighting, subtle soft drop shadow, transparent background, glossy rounded style, centered, 1:1, no text no logo no watermark, of a dress hanger stand"
"standing-hanger-01","스탠드행거","수납가구","A bright clean premium 3D icon, isometric, soft studio lighting, subtle soft drop shadow, transparent background, glossy rounded style, centered, 1:1, no text no logo no watermark, of a standing hanger"
"shoe-cabinet-01","신발장","수납가구","A bright clean premium 3D icon, isometric, soft studio lighting, subtle soft drop shadow, transparent background, glossy rounded style, centered, 1:1, no text no logo no watermark, of a shoe cabinet"
"large-shoe-cabinet-01","대형신발장","수납가구","A bright clean premium 3D icon, isometric, soft studio lighting, subtle soft drop shadow, transparent background, glossy rounded style, centered, 1:1, no text no logo no watermark, of a large shoe cabinet"
"rotating-shoe-rack-01","회전신발장","수납가구","A bright clean premium 3D icon, isometric, soft studio lighting, subtle soft drop shadow, transparent background, glossy rounded style, centered, 1:1, no text no logo no watermark, of a rotating shoe rack"
"umbrella-stand-01","우산꽂이","수납가구","A bright clean premium 3D icon, isometric, soft studio lighting, subtle soft drop shadow, transparent background, glossy rounded style, centered, 1:1, no text no logo no watermark, of a umbrella stand"
"bookshelf-01","책장","수납가구","A bright clean premium 3D icon, isometric, soft studio lighting, subtle soft drop shadow, transparent background, glossy rounded style, centered, 1:1, no text no logo no watermark, of a bookshelf"
"five-tier-bookshelf-01","5단책장","수납가구","A bright clean premium 3D icon, isometric, soft studio lighting, subtle soft drop shadow, transparent background, glossy rounded style, centered, 1:1, no text no logo no watermark, of a five tier bookshelf"
"metal-rack-01","철제선반","수납가구","A bright clean premium 3D icon, isometric, soft studio lighting, subtle soft drop shadow, transparent background, glossy rounded style, centered, 1:1, no text no logo no watermark, of a metal rack"
"angle-shelf-01","앵글선반","수납가구","A bright clean premium 3D icon, isometric, soft studio lighting, subtle soft drop shadow, transparent background, glossy rounded style, centered, 1:1, no text no logo no watermark, of a angle shelf"
"slim-storage-cabinet-01","틈새수납장","수납가구","A bright clean premium 3D icon, isometric, soft studio lighting, subtle soft drop shadow, transparent background, glossy rounded style, centered, 1:1, no text no logo no watermark, of a slim storage cabinet"
"corner-shelf-01","코너선반","수납가구","A bright clean premium 3D icon, isometric, soft studio lighting, subtle soft drop shadow, transparent background, glossy rounded style, centered, 1:1, no text no logo no watermark, of a corner shelf"
"wall-storage-cabinet-01","벽수납장","수납가구","A bright clean premium 3D icon, isometric, soft studio lighting, subtle soft drop shadow, transparent background, glossy rounded style, centered, 1:1, no text no logo no watermark, of a wall storage cabinet"
"multi-drawer-organizer-01","다단서랍정리함","수납가구","A bright clean premium 3D icon, isometric, soft studio lighting, subtle soft drop shadow, transparent background, glossy rounded style, centered, 1:1, no text no logo no watermark, of a multi drawer organizer"
"clothes-storage-box-01","의류수납함","수납가구","A bright clean premium 3D icon, isometric, soft studio lighting, subtle soft drop shadow, transparent background, glossy rounded style, centered, 1:1, no text no logo no watermark, of a clothes storage box"
"bedding-storage-box-01","이불정리함","수납가구","A bright clean premium 3D icon, isometric, soft studio lighting, subtle soft drop shadow, transparent background, glossy rounded style, centered, 1:1, no text no logo no watermark, of a bedding storage box"
"toy-storage-shelf-01","장난감수납선반","수납가구","A bright clean premium 3D icon, isometric, soft studio lighting, subtle soft drop shadow, transparent background, glossy rounded style, centered, 1:1, no text no logo no watermark, of a toy storage shelf"
"entryway-cabinet-01","현관수납장","수납가구","A bright clean premium 3D icon, isometric, soft studio lighting, subtle soft drop shadow, transparent background, glossy rounded style, centered, 1:1, no text no logo no watermark, of a entryway cabinet"
"pantry-cabinet-01","팬트리장","수납가구","A bright clean premium 3D icon, isometric, soft studio lighting, subtle soft drop shadow, transparent background, glossy rounded style, centered, 1:1, no text no logo no watermark, of a pantry cabinet"
"utility-metal-shelf-01","다용도철제선반","수납가구","A bright clean premium 3D icon, isometric, soft studio lighting, subtle soft drop shadow, transparent background, glossy rounded style, centered, 1:1, no text no logo no watermark, of a utility metal shelf"
"rolling-storage-cart-01","바퀴달린수납함","수납가구","A bright clean premium 3D icon, isometric, soft studio lighting, subtle soft drop shadow, transparent background, glossy rounded style, centered, 1:1, no text no logo no watermark, of a rolling storage cart"
"drawer-tray-01","서랍정리트레이","수납가구","A bright clean premium 3D icon, isometric, soft studio lighting, subtle soft drop shadow, transparent background, glossy rounded style, centered, 1:1, no text no logo no watermark, of a drawer tray"
"closet-organizer-01","옷정리선반","수납가구","A bright clean premium 3D icon, isometric, soft studio lighting, subtle soft drop shadow, transparent background, glossy rounded style, centered, 1:1, no text no logo no watermark, of a closet organizer"
"hat-rack-01","모자수납선반","수납가구","A bright clean premium 3D icon, isometric, soft studio lighting, subtle soft drop shadow, transparent background, glossy rounded style, centered, 1:1, no text no logo no watermark, of a hat rack"
"bag-storage-cabinet-01","가방수납장","수납가구","A bright clean premium 3D icon, isometric, soft studio lighting, subtle soft drop shadow, transparent background, glossy rounded style, centered, 1:1, no text no logo no watermark, of a bag storage cabinet"
"tool-storage-cabinet-01","공구수납장","수납가구","A bright clean premium 3D icon, isometric, soft studio lighting, subtle soft drop shadow, transparent background, glossy rounded style, centered, 1:1, no text no logo no watermark, of a tool storage cabinet"
"medicine-cabinet-01","약품수납장","수납가구","A bright clean premium 3D icon, isometric, soft studio lighting, subtle soft drop shadow, transparent background, glossy rounded style, centered, 1:1, no text no logo no watermark, of a medicine cabinet"
"cosmetic-organizer-01","화장품수납장","수납가구","A bright clean premium 3D icon, isometric, soft studio lighting, subtle soft drop shadow, transparent background, glossy rounded style, centered, 1:1, no text no logo no watermark, of a cosmetic organizer"
"liquor-cabinet-01","주류수납장","수납가구","A bright clean premium 3D icon, isometric, soft studio lighting, subtle soft drop shadow, transparent background, glossy rounded style, centered, 1:1, no text no logo no watermark, of a liquor cabinet"
"magazine-shelf-01","신문잡지선반","수납가구","A bright clean premium 3D icon, isometric, soft studio lighting, subtle soft drop shadow, transparent background, glossy rounded style, centered, 1:1, no text no logo no watermark, of a magazine shelf"
"large-storage-bin-01","다목적정리함대형","수납가구","A bright clean premium 3D icon, isometric, soft studio lighting, subtle soft drop shadow, transparent background, glossy rounded style, centered, 1:1, no text no logo no watermark, of a large storage bin"
"under-bed-drawer-01","침대밑수납","수납가구","A bright clean premium 3D icon, isometric, soft studio lighting, subtle soft drop shadow, transparent background, glossy rounded style, centered, 1:1, no text no logo no watermark, of a under bed drawer"
"wall-shelf-set-01","벽걸이선반세트","수납가구","A bright clean premium 3D icon, isometric, soft studio lighting, subtle soft drop shadow, transparent background, glossy rounded style, centered, 1:1, no text no logo no watermark, of a wall shelf set"
"corner-storage-tower-01","코너수납타워","수납가구","A bright clean premium 3D icon, isometric, soft studio lighting, subtle soft drop shadow, transparent background, glossy rounded style, centered, 1:1, no text no logo no watermark, of a corner storage tower"
"rotating-storage-tower-01","회전수납타워","수납가구","A bright clean premium 3D icon, isometric, soft studio lighting, subtle soft drop shadow, transparent background, glossy rounded style, centered, 1:1, no text no logo no watermark, of a rotating storage tower"
"three-tier-metal-cart-01","철제3단카트","수납가구","A bright clean premium 3D icon, isometric, soft studio lighting, subtle soft drop shadow, transparent background, glossy rounded style, centered, 1:1, no text no logo no watermark, of a three tier metal cart"
"bamboo-shelf-01","대나무선반","수납가구","A bright clean premium 3D icon, isometric, soft studio lighting, subtle soft drop shadow, transparent background, glossy rounded style, centered, 1:1, no text no logo no watermark, of a bamboo shelf"
"wooden-storage-cabinet-01","원목수납장","수납가구","A bright clean premium 3D icon, isometric, soft studio lighting, subtle soft drop shadow, transparent background, glossy rounded style, centered, 1:1, no text no logo no watermark, of a wooden storage cabinet"
"large-plastic-bin-01","플라스틱정리함대","수납가구","A bright clean premium 3D icon, isometric, soft studio lighting, subtle soft drop shadow, transparent background, glossy rounded style, centered, 1:1, no text no logo no watermark, of a large plastic bin"
"mini-drawer-organizer-01","미니서랍정리함","수납가구","A bright clean premium 3D icon, isometric, soft studio lighting, subtle soft drop shadow, transparent background, glossy rounded style, centered, 1:1, no text no logo no watermark, of a mini drawer organizer"
"document-storage-box-01","문서수납박스","수납가구","A bright clean premium 3D icon, isometric, soft studio lighting, subtle soft drop shadow, transparent background, glossy rounded style, centered, 1:1, no text no logo no watermark, of a document storage box"
"compression-storage-box-01","의류압축정리함","수납가구","A bright clean premium 3D icon, isometric, soft studio lighting, subtle soft drop shadow, transparent background, glossy rounded style, centered, 1:1, no text no logo no watermark, of a compression storage box"
"builtin-storage-01","빌트인수납장","수납가구","A bright clean premium 3D icon, isometric, soft studio lighting, subtle soft drop shadow, transparent background, glossy rounded style, centered, 1:1, no text no logo no watermark, of a builtin storage"
"gap-utility-shelf-01","다용도틈새선반","수납가구","A bright clean premium 3D icon, isometric, soft studio lighting, subtle soft drop shadow, transparent background, glossy rounded style, centered, 1:1, no text no logo no watermark, of a gap utility shelf"
"towel-warmer-01","전기수건건조대","욕실용품","A bright clean premium 3D icon, isometric, soft studio lighting, subtle soft drop shadow, transparent background, glossy rounded style, centered, 1:1, no text no logo no watermark, of a towel warmer"
"bathroom-vanity-cabinet-01","세면대수납장","욕실용품","A bright clean premium 3D icon, isometric, soft studio lighting, subtle soft drop shadow, transparent background, glossy rounded style, centered, 1:1, no text no logo no watermark, of a bathroom vanity cabinet"
"bathroom-shelf-01","욕실선반","욕실용품","A bright clean premium 3D icon, isometric, soft studio lighting, subtle soft drop shadow, transparent background, glossy rounded style, centered, 1:1, no text no logo no watermark, of a bathroom shelf"
"bathroom-corner-shelf-01","욕실코너선반","욕실용품","A bright clean premium 3D icon, isometric, soft studio lighting, subtle soft drop shadow, transparent background, glossy rounded style, centered, 1:1, no text no logo no watermark, of a bathroom corner shelf"
"towel-rack-01","수건걸이","욕실용품","A bright clean premium 3D icon, isometric, soft studio lighting, subtle soft drop shadow, transparent background, glossy rounded style, centered, 1:1, no text no logo no watermark, of a towel rack"
"towel-storage-01","수건보관함","욕실용품","A bright clean premium 3D icon, isometric, soft studio lighting, subtle soft drop shadow, transparent background, glossy rounded style, centered, 1:1, no text no logo no watermark, of a towel storage"
"bathroom-mirror-cabinet-01","욕실거울장","욕실용품","A bright clean premium 3D icon, isometric, soft studio lighting, subtle soft drop shadow, transparent background, glossy rounded style, centered, 1:1, no text no logo no watermark, of a bathroom mirror cabinet"
"bath-stool-01","욕실의자","욕실용품","A bright clean premium 3D icon, isometric, soft studio lighting, subtle soft drop shadow, transparent background, glossy rounded style, centered, 1:1, no text no logo no watermark, of a bath stool"
"bathtub-01","욕조","욕실용품","A bright clean premium 3D icon, isometric, soft studio lighting, subtle soft drop shadow, transparent background, glossy rounded style, centered, 1:1, no text no logo no watermark, of a bathtub"
"baby-bath-tub-01","아기욕조","욕실용품","A bright clean premium 3D icon, isometric, soft studio lighting, subtle soft drop shadow, transparent background, glossy rounded style, centered, 1:1, no text no logo no watermark, of a baby bath tub"
"shower-booth-01","샤워부스","욕실용품","A bright clean premium 3D icon, isometric, soft studio lighting, subtle soft drop shadow, transparent background, glossy rounded style, centered, 1:1, no text no logo no watermark, of a shower booth"
"shower-curtain-rod-01","샤워커튼봉","욕실용품","A bright clean premium 3D icon, isometric, soft studio lighting, subtle soft drop shadow, transparent background, glossy rounded style, centered, 1:1, no text no logo no watermark, of a shower curtain rod"
"toilet-cover-set-01","변기커버세트","욕실용품","A bright clean premium 3D icon, isometric, soft studio lighting, subtle soft drop shadow, transparent background, glossy rounded style, centered, 1:1, no text no logo no watermark, of a toilet cover set"
"toilet-paper-holder-01","휴지걸이","욕실용품","A bright clean premium 3D icon, isometric, soft studio lighting, subtle soft drop shadow, transparent background, glossy rounded style, centered, 1:1, no text no logo no watermark, of a toilet paper holder"
"bath-mat-01","욕실매트","욕실용품","A bright clean premium 3D icon, isometric, soft studio lighting, subtle soft drop shadow, transparent background, glossy rounded style, centered, 1:1, no text no logo no watermark, of a bath mat"
"laundry-basket-01","빨래바구니","욕실용품","A bright clean premium 3D icon, isometric, soft studio lighting, subtle soft drop shadow, transparent background, glossy rounded style, centered, 1:1, no text no logo no watermark, of a laundry basket"
"bathroom-drying-rack-01","빨래건조대욕실","욕실용품","A bright clean premium 3D icon, isometric, soft studio lighting, subtle soft drop shadow, transparent background, glossy rounded style, centered, 1:1, no text no logo no watermark, of a bathroom drying rack"
"bathroom-cart-01","욕실수납카트","욕실용품","A bright clean premium 3D icon, isometric, soft studio lighting, subtle soft drop shadow, transparent background, glossy rounded style, centered, 1:1, no text no logo no watermark, of a bathroom cart"
"toothbrush-sterilizer-01","칫솔살균기","욕실용품","A bright clean premium 3D icon, isometric, soft studio lighting, subtle soft drop shadow, transparent background, glossy rounded style, centered, 1:1, no text no logo no watermark, of a toothbrush sterilizer"
"soap-dispenser-01","비누디스펜서","욕실용품","A bright clean premium 3D icon, isometric, soft studio lighting, subtle soft drop shadow, transparent background, glossy rounded style, centered, 1:1, no text no logo no watermark, of a soap dispenser"
"shampoo-dispenser-01","샴푸디스펜서","욕실용품","A bright clean premium 3D icon, isometric, soft studio lighting, subtle soft drop shadow, transparent background, glossy rounded style, centered, 1:1, no text no logo no watermark, of a shampoo dispenser"
"slipper-rack-01","욕실슬리퍼정리","욕실용품","A bright clean premium 3D icon, isometric, soft studio lighting, subtle soft drop shadow, transparent background, glossy rounded style, centered, 1:1, no text no logo no watermark, of a slipper rack"
"detergent-storage-01","세탁세제수납함","욕실용품","A bright clean premium 3D icon, isometric, soft studio lighting, subtle soft drop shadow, transparent background, glossy rounded style, centered, 1:1, no text no logo no watermark, of a detergent storage"
"bathroom-fan-01","욕실환풍기","욕실용품","A bright clean premium 3D icon, isometric, soft studio lighting, subtle soft drop shadow, transparent background, glossy rounded style, centered, 1:1, no text no logo no watermark, of a bathroom fan"
"shower-head-set-01","샤워헤드세트","욕실용품","A bright clean premium 3D icon, isometric, soft studio lighting, subtle soft drop shadow, transparent background, glossy rounded style, centered, 1:1, no text no logo no watermark, of a shower head set"
"bathroom-full-mirror-01","욕실전신거울","욕실용품","A bright clean premium 3D icon, isometric, soft studio lighting, subtle soft drop shadow, transparent background, glossy rounded style, centered, 1:1, no text no logo no watermark, of a bathroom full mirror"
"sitz-bath-01","좌욕기","욕실용품","A bright clean premium 3D icon, isometric, soft studio lighting, subtle soft drop shadow, transparent background, glossy rounded style, centered, 1:1, no text no logo no watermark, of a sitz bath"
"foot-bath-01","족욕기","욕실용품","A bright clean premium 3D icon, isometric, soft studio lighting, subtle soft drop shadow, transparent background, glossy rounded style, centered, 1:1, no text no logo no watermark, of a foot bath"
"bathroom-heater-01","욕실히터","욕실용품","A bright clean premium 3D icon, isometric, soft studio lighting, subtle soft drop shadow, transparent background, glossy rounded style, centered, 1:1, no text no logo no watermark, of a bathroom heater"
"waterproof-mat-01","방수매트","욕실용품","A bright clean premium 3D icon, isometric, soft studio lighting, subtle soft drop shadow, transparent background, glossy rounded style, centered, 1:1, no text no logo no watermark, of a waterproof mat"
"bathtub-caddy-01","욕조받침대","욕실용품","A bright clean premium 3D icon, isometric, soft studio lighting, subtle soft drop shadow, transparent background, glossy rounded style, centered, 1:1, no text no logo no watermark, of a bathtub caddy"
"shower-towel-bar-01","샤워타월걸이","욕실용품","A bright clean premium 3D icon, isometric, soft studio lighting, subtle soft drop shadow, transparent background, glossy rounded style, centered, 1:1, no text no logo no watermark, of a shower towel bar"
"wash-basin-01","세면볼","욕실용품","A bright clean premium 3D icon, isometric, soft studio lighting, subtle soft drop shadow, transparent background, glossy rounded style, centered, 1:1, no text no logo no watermark, of a wash basin"
"bathroom-3tier-shelf-01","욕실수납선반3단","욕실용품","A bright clean premium 3D icon, isometric, soft studio lighting, subtle soft drop shadow, transparent background, glossy rounded style, centered, 1:1, no text no logo no watermark, of a bathroom 3tier shelf"
"toilet-brush-set-01","변기솔세트","욕실용품","A bright clean premium 3D icon, isometric, soft studio lighting, subtle soft drop shadow, transparent background, glossy rounded style, centered, 1:1, no text no logo no watermark, of a toilet brush set"
"bath-corner-storage-01","욕실코너수납","욕실용품","A bright clean premium 3D icon, isometric, soft studio lighting, subtle soft drop shadow, transparent background, glossy rounded style, centered, 1:1, no text no logo no watermark, of a bath corner storage"
"rolling-laundry-basket-01","세탁바구니이동식","욕실용품","A bright clean premium 3D icon, isometric, soft studio lighting, subtle soft drop shadow, transparent background, glossy rounded style, centered, 1:1, no text no logo no watermark, of a rolling laundry basket"
"anti-slip-bath-mat-01","욕실미끄럼방지매트","욕실용품","A bright clean premium 3D icon, isometric, soft studio lighting, subtle soft drop shadow, transparent background, glossy rounded style, centered, 1:1, no text no logo no watermark, of a anti slip bath mat"
"bathroom-light-01","욕실등","욕실용품","A bright clean premium 3D icon, isometric, soft studio lighting, subtle soft drop shadow, transparent background, glossy rounded style, centered, 1:1, no text no logo no watermark, of a bathroom light"
"shower-head-01","샤워기헤드","욕실용품","A bright clean premium 3D icon, isometric, soft studio lighting, subtle soft drop shadow, transparent background, glossy rounded style, centered, 1:1, no text no logo no watermark, of a shower head"
"bath-plant-shelf-01","욕실화분선반","욕실용품","A bright clean premium 3D icon, isometric, soft studio lighting, subtle soft drop shadow, transparent background, glossy rounded style, centered, 1:1, no text no logo no watermark, of a bath plant shelf"
"pot-set-01","냄비세트","주방용품","A bright clean premium 3D icon, isometric, soft studio lighting, subtle soft drop shadow, transparent background, glossy rounded style, centered, 1:1, no text no logo no watermark, of a pot set"
"frying-pan-set-01","프라이팬세트","주방용품","A bright clean premium 3D icon, isometric, soft studio lighting, subtle soft drop shadow, transparent background, glossy rounded style, centered, 1:1, no text no logo no watermark, of a frying pan set"
"pressure-cooker-01","압력솥","주방용품","A bright clean premium 3D icon, isometric, soft studio lighting, subtle soft drop shadow, transparent background, glossy rounded style, centered, 1:1, no text no logo no watermark, of a pressure cooker"
"steamer-pot-01","찜솥","주방용품","A bright clean premium 3D icon, isometric, soft studio lighting, subtle soft drop shadow, transparent background, glossy rounded style, centered, 1:1, no text no logo no watermark, of a steamer pot"
"hot-pot-01","전골냄비","주방용품","A bright clean premium 3D icon, isometric, soft studio lighting, subtle soft drop shadow, transparent background, glossy rounded style, centered, 1:1, no text no logo no watermark, of a hot pot"
"dish-set-01","그릇세트","주방용품","A bright clean premium 3D icon, isometric, soft studio lighting, subtle soft drop shadow, transparent background, glossy rounded style, centered, 1:1, no text no logo no watermark, of a dish set"
"plate-set-01","접시세트","주방용품","A bright clean premium 3D icon, isometric, soft studio lighting, subtle soft drop shadow, transparent background, glossy rounded style, centered, 1:1, no text no logo no watermark, of a plate set"
"bowl-set-01","밥그릇국그릇세트","주방용품","A bright clean premium 3D icon, isometric, soft studio lighting, subtle soft drop shadow, transparent background, glossy rounded style, centered, 1:1, no text no logo no watermark, of a bowl set"
"glass-cup-set-01","유리컵세트","주방용품","A bright clean premium 3D icon, isometric, soft studio lighting, subtle soft drop shadow, transparent background, glossy rounded style, centered, 1:1, no text no logo no watermark, of a glass cup set"
"mug-set-01","머그컵세트","주방용품","A bright clean premium 3D icon, isometric, soft studio lighting, subtle soft drop shadow, transparent background, glossy rounded style, centered, 1:1, no text no logo no watermark, of a mug set"
"cutlery-set-01","수저세트","주방용품","A bright clean premium 3D icon, isometric, soft studio lighting, subtle soft drop shadow, transparent background, glossy rounded style, centered, 1:1, no text no logo no watermark, of a cutlery set"
"knife-cutting-board-set-01","칼도마세트","주방용품","A bright clean premium 3D icon, isometric, soft studio lighting, subtle soft drop shadow, transparent background, glossy rounded style, centered, 1:1, no text no logo no watermark, of a knife cutting board set"
"mixing-bowl-set-01","믹싱볼세트","주방용품","A bright clean premium 3D icon, isometric, soft studio lighting, subtle soft drop shadow, transparent background, glossy rounded style, centered, 1:1, no text no logo no watermark, of a mixing bowl set"
"food-container-set-01","밀폐용기세트","주방용품","A bright clean premium 3D icon, isometric, soft studio lighting, subtle soft drop shadow, transparent background, glossy rounded style, centered, 1:1, no text no logo no watermark, of a food container set"
"side-dish-container-set-01","반찬통세트","주방용품","A bright clean premium 3D icon, isometric, soft studio lighting, subtle soft drop shadow, transparent background, glossy rounded style, centered, 1:1, no text no logo no watermark, of a side dish container set"
"lunch-box-01","도시락통","주방용품","A bright clean premium 3D icon, isometric, soft studio lighting, subtle soft drop shadow, transparent background, glossy rounded style, centered, 1:1, no text no logo no watermark, of a lunch box"
"thermos-01","보온병","주방용품","A bright clean premium 3D icon, isometric, soft studio lighting, subtle soft drop shadow, transparent background, glossy rounded style, centered, 1:1, no text no logo no watermark, of a thermos"
"tumbler-01","텀블러","주방용품","A bright clean premium 3D icon, isometric, soft studio lighting, subtle soft drop shadow, transparent background, glossy rounded style, centered, 1:1, no text no logo no watermark, of a tumbler"
"kettle-stovetop-01","주전자","주방용품","A bright clean premium 3D icon, isometric, soft studio lighting, subtle soft drop shadow, transparent background, glossy rounded style, centered, 1:1, no text no logo no watermark, of a kettle stovetop"
"tea-cup-set-01","찻잔세트","주방용품","A bright clean premium 3D icon, isometric, soft studio lighting, subtle soft drop shadow, transparent background, glossy rounded style, centered, 1:1, no text no logo no watermark, of a tea cup set"
"wine-glass-set-01","와인잔세트","주방용품","A bright clean premium 3D icon, isometric, soft studio lighting, subtle soft drop shadow, transparent background, glossy rounded style, centered, 1:1, no text no logo no watermark, of a wine glass set"
"dish-drying-rack-01","식기건조대","주방용품","A bright clean premium 3D icon, isometric, soft studio lighting, subtle soft drop shadow, transparent background, glossy rounded style, centered, 1:1, no text no logo no watermark, of a dish drying rack"
"utensil-holder-01","수저통","주방용품","A bright clean premium 3D icon, isometric, soft studio lighting, subtle soft drop shadow, transparent background, glossy rounded style, centered, 1:1, no text no logo no watermark, of a utensil holder"
"spice-container-set-01","양념통세트","주방용품","A bright clean premium 3D icon, isometric, soft studio lighting, subtle soft drop shadow, transparent background, glossy rounded style, centered, 1:1, no text no logo no watermark, of a spice container set"
"rice-container-01","쌀통","주방용품","A bright clean premium 3D icon, isometric, soft studio lighting, subtle soft drop shadow, transparent background, glossy rounded style, centered, 1:1, no text no logo no watermark, of a rice container"
"large-kimchi-container-01","김치통대형","주방용품","A bright clean premium 3D icon, isometric, soft studio lighting, subtle soft drop shadow, transparent background, glossy rounded style, centered, 1:1, no text no logo no watermark, of a large kimchi container"
"water-bottle-set-01","물병세트","주방용품","A bright clean premium 3D icon, isometric, soft studio lighting, subtle soft drop shadow, transparent background, glossy rounded style, centered, 1:1, no text no logo no watermark, of a water bottle set"
"colander-set-01","채반세트","주방용품","A bright clean premium 3D icon, isometric, soft studio lighting, subtle soft drop shadow, transparent background, glossy rounded style, centered, 1:1, no text no logo no watermark, of a colander set"
"basin-01","대야","주방용품","A bright clean premium 3D icon, isometric, soft studio lighting, subtle soft drop shadow, transparent background, glossy rounded style, centered, 1:1, no text no logo no watermark, of a basin"
"strainer-basket-01","소쿠리","주방용품","A bright clean premium 3D icon, isometric, soft studio lighting, subtle soft drop shadow, transparent background, glossy rounded style, centered, 1:1, no text no logo no watermark, of a strainer basket"
"plastic-basket-01","플라스틱바구니","주방용품","A bright clean premium 3D icon, isometric, soft studio lighting, subtle soft drop shadow, transparent background, glossy rounded style, centered, 1:1, no text no logo no watermark, of a plastic basket"
"cooking-utensil-set-01","조리도구세트","주방용품","A bright clean premium 3D icon, isometric, soft studio lighting, subtle soft drop shadow, transparent background, glossy rounded style, centered, 1:1, no text no logo no watermark, of a cooking utensil set"
"ladle-turner-set-01","국자뒤집개세트","주방용품","A bright clean premium 3D icon, isometric, soft studio lighting, subtle soft drop shadow, transparent background, glossy rounded style, centered, 1:1, no text no logo no watermark, of a ladle turner set"
"grater-01","강판","주방용품","A bright clean premium 3D icon, isometric, soft studio lighting, subtle soft drop shadow, transparent background, glossy rounded style, centered, 1:1, no text no logo no watermark, of a grater"
"mortar-pestle-01","절구","주방용품","A bright clean premium 3D icon, isometric, soft studio lighting, subtle soft drop shadow, transparent background, glossy rounded style, centered, 1:1, no text no logo no watermark, of a mortar pestle"
"cutting-board-set-01","도마세트","주방용품","A bright clean premium 3D icon, isometric, soft studio lighting, subtle soft drop shadow, transparent background, glossy rounded style, centered, 1:1, no text no logo no watermark, of a cutting board set"
"tray-set-01","쟁반세트","주방용품","A bright clean premium 3D icon, isometric, soft studio lighting, subtle soft drop shadow, transparent background, glossy rounded style, centered, 1:1, no text no logo no watermark, of a tray set"
"pot-holder-set-01","냄비받침세트","주방용품","A bright clean premium 3D icon, isometric, soft studio lighting, subtle soft drop shadow, transparent background, glossy rounded style, centered, 1:1, no text no logo no watermark, of a pot holder set"
"apron-set-01","행주앞치마세트","주방용품","A bright clean premium 3D icon, isometric, soft studio lighting, subtle soft drop shadow, transparent background, glossy rounded style, centered, 1:1, no text no logo no watermark, of a apron set"
"coffee-dripper-set-01","커피드리퍼세트","주방용품","A bright clean premium 3D icon, isometric, soft studio lighting, subtle soft drop shadow, transparent background, glossy rounded style, centered, 1:1, no text no logo no watermark, of a coffee dripper set"
"insulated-lunch-box-01","보온도시락","주방용품","A bright clean premium 3D icon, isometric, soft studio lighting, subtle soft drop shadow, transparent background, glossy rounded style, centered, 1:1, no text no logo no watermark, of a insulated lunch box"
"kimchi-container-set-01","김치냉장고통세트","주방용품","A bright clean premium 3D icon, isometric, soft studio lighting, subtle soft drop shadow, transparent background, glossy rounded style, centered, 1:1, no text no logo no watermark, of a kimchi container set"
"large-cauldron-01","대형솥","주방용품","A bright clean premium 3D icon, isometric, soft studio lighting, subtle soft drop shadow, transparent background, glossy rounded style, centered, 1:1, no text no logo no watermark, of a large cauldron"
"rice-cake-board-01","떡판","주방용품","A bright clean premium 3D icon, isometric, soft studio lighting, subtle soft drop shadow, transparent background, glossy rounded style, centered, 1:1, no text no logo no watermark, of a rice cake board"
"baking-tool-set-01","제빵도구세트","주방용품","A bright clean premium 3D icon, isometric, soft studio lighting, subtle soft drop shadow, transparent background, glossy rounded style, centered, 1:1, no text no logo no watermark, of a baking tool set"
"wine-opener-set-01","와인오프너세트","주방용품","A bright clean premium 3D icon, isometric, soft studio lighting, subtle soft drop shadow, transparent background, glossy rounded style, centered, 1:1, no text no logo no watermark, of a wine opener set"
"kitchen-scale-01","주방저울","주방용품","A bright clean premium 3D icon, isometric, soft studio lighting, subtle soft drop shadow, transparent background, glossy rounded style, centered, 1:1, no text no logo no watermark, of a kitchen scale"
"kitchen-ice-box-01","아이스박스주방","주방용품","A bright clean premium 3D icon, isometric, soft studio lighting, subtle soft drop shadow, transparent background, glossy rounded style, centered, 1:1, no text no logo no watermark, of a kitchen ice box"
"cooler-bag-01","보냉가방","주방용품","A bright clean premium 3D icon, isometric, soft studio lighting, subtle soft drop shadow, transparent background, glossy rounded style, centered, 1:1, no text no logo no watermark, of a cooler bag"
"silicone-utensil-set-01","실리콘조리세트","주방용품","A bright clean premium 3D icon, isometric, soft studio lighting, subtle soft drop shadow, transparent background, glossy rounded style, centered, 1:1, no text no logo no watermark, of a silicone utensil set"
"curtain-01","커튼","생활용품","A bright clean premium 3D icon, isometric, soft studio lighting, subtle soft drop shadow, transparent background, glossy rounded style, centered, 1:1, no text no logo no watermark, of a curtain"
"blackout-curtain-01","암막커튼","생활용품","A bright clean premium 3D icon, isometric, soft studio lighting, subtle soft drop shadow, transparent background, glossy rounded style, centered, 1:1, no text no logo no watermark, of a blackout curtain"
"blinds-01","블라인드","생활용품","A bright clean premium 3D icon, isometric, soft studio lighting, subtle soft drop shadow, transparent background, glossy rounded style, centered, 1:1, no text no logo no watermark, of a blinds"
"roll-screen-01","롤스크린","생활용품","A bright clean premium 3D icon, isometric, soft studio lighting, subtle soft drop shadow, transparent background, glossy rounded style, centered, 1:1, no text no logo no watermark, of a roll screen"
"hallway-rug-01","복도러그","생활용품","A bright clean premium 3D icon, isometric, soft studio lighting, subtle soft drop shadow, transparent background, glossy rounded style, centered, 1:1, no text no logo no watermark, of a hallway rug"
"rug-mat-01","러그매트","생활용품","A bright clean premium 3D icon, isometric, soft studio lighting, subtle soft drop shadow, transparent background, glossy rounded style, centered, 1:1, no text no logo no watermark, of a rug mat"
"picture-frame-01","거실장식액자","생활용품","A bright clean premium 3D icon, isometric, soft studio lighting, subtle soft drop shadow, transparent background, glossy rounded style, centered, 1:1, no text no logo no watermark, of a picture frame"
"large-frame-01","대형액자","생활용품","A bright clean premium 3D icon, isometric, soft studio lighting, subtle soft drop shadow, transparent background, glossy rounded style, centered, 1:1, no text no logo no watermark, of a large frame"
"wall-clock-01","벽시계","생활용품","A bright clean premium 3D icon, isometric, soft studio lighting, subtle soft drop shadow, transparent background, glossy rounded style, centered, 1:1, no text no logo no watermark, of a wall clock"
"desk-clock-01","탁상시계","생활용품","A bright clean premium 3D icon, isometric, soft studio lighting, subtle soft drop shadow, transparent background, glossy rounded style, centered, 1:1, no text no logo no watermark, of a desk clock"
"floor-lamp-living-01","스탠드조명","생활용품","A bright clean premium 3D icon, isometric, soft studio lighting, subtle soft drop shadow, transparent background, glossy rounded style, centered, 1:1, no text no logo no watermark, of a floor lamp living"
"mood-light-01","무드등","생활용품","A bright clean premium 3D icon, isometric, soft studio lighting, subtle soft drop shadow, transparent background, glossy rounded style, centered, 1:1, no text no logo no watermark, of a mood light"
"standing-mirror-01","전신거울생활","생활용품","A bright clean premium 3D icon, isometric, soft studio lighting, subtle soft drop shadow, transparent background, glossy rounded style, centered, 1:1, no text no logo no watermark, of a standing mirror"
"flower-pot-01","화분","생활용품","A bright clean premium 3D icon, isometric, soft studio lighting, subtle soft drop shadow, transparent background, glossy rounded style, centered, 1:1, no text no logo no watermark, of a flower pot"
"large-planter-01","대형화분","생활용품","A bright clean premium 3D icon, isometric, soft studio lighting, subtle soft drop shadow, transparent background, glossy rounded style, centered, 1:1, no text no logo no watermark, of a large planter"
"artificial-plant-01","조화장식","생활용품","A bright clean premium 3D icon, isometric, soft studio lighting, subtle soft drop shadow, transparent background, glossy rounded style, centered, 1:1, no text no logo no watermark, of a artificial plant"
"laundry-drying-rack-01","빨래건조대","생활용품","A bright clean premium 3D icon, isometric, soft studio lighting, subtle soft drop shadow, transparent background, glossy rounded style, centered, 1:1, no text no logo no watermark, of a laundry drying rack"
"large-drying-rack-01","대형빨래건조대","생활용품","A bright clean premium 3D icon, isometric, soft studio lighting, subtle soft drop shadow, transparent background, glossy rounded style, centered, 1:1, no text no logo no watermark, of a large drying rack"
"ironing-board-01","다리미판","생활용품","A bright clean premium 3D icon, isometric, soft studio lighting, subtle soft drop shadow, transparent background, glossy rounded style, centered, 1:1, no text no logo no watermark, of a ironing board"
"hanger-set-01","옷걸이세트","생활용품","A bright clean premium 3D icon, isometric, soft studio lighting, subtle soft drop shadow, transparent background, glossy rounded style, centered, 1:1, no text no logo no watermark, of a hanger set"
"laundry-hamper-01","빨래바구니생활","생활용품","A bright clean premium 3D icon, isometric, soft studio lighting, subtle soft drop shadow, transparent background, glossy rounded style, centered, 1:1, no text no logo no watermark, of a laundry hamper"
"sewing-box-01","재봉정리함","생활용품","A bright clean premium 3D icon, isometric, soft studio lighting, subtle soft drop shadow, transparent background, glossy rounded style, centered, 1:1, no text no logo no watermark, of a sewing box"
"umbrella-01","우산","생활용품","A bright clean premium 3D icon, isometric, soft studio lighting, subtle soft drop shadow, transparent background, glossy rounded style, centered, 1:1, no text no logo no watermark, of a umbrella"
"umbrella-holder-01","장우산꽂이","생활용품","A bright clean premium 3D icon, isometric, soft studio lighting, subtle soft drop shadow, transparent background, glossy rounded style, centered, 1:1, no text no logo no watermark, of a umbrella holder"
"floor-cushion-set-01","방석세트","생활용품","A bright clean premium 3D icon, isometric, soft studio lighting, subtle soft drop shadow, transparent background, glossy rounded style, centered, 1:1, no text no logo no watermark, of a floor cushion set"
"cushion-01","쿠션","생활용품","A bright clean premium 3D icon, isometric, soft studio lighting, subtle soft drop shadow, transparent background, glossy rounded style, centered, 1:1, no text no logo no watermark, of a cushion"
"blanket-01","담요","생활용품","A bright clean premium 3D icon, isometric, soft studio lighting, subtle soft drop shadow, transparent background, glossy rounded style, centered, 1:1, no text no logo no watermark, of a blanket"
"comforter-set-01","이불세트","생활용품","A bright clean premium 3D icon, isometric, soft studio lighting, subtle soft drop shadow, transparent background, glossy rounded style, centered, 1:1, no text no logo no watermark, of a comforter set"
"pillow-set-01","베개세트","생활용품","A bright clean premium 3D icon, isometric, soft studio lighting, subtle soft drop shadow, transparent background, glossy rounded style, centered, 1:1, no text no logo no watermark, of a pillow set"
"mattress-cover-01","매트리스커버","생활용품","A bright clean premium 3D icon, isometric, soft studio lighting, subtle soft drop shadow, transparent background, glossy rounded style, centered, 1:1, no text no logo no watermark, of a mattress cover"
"picnic-mat-01","돗자리","생활용품","A bright clean premium 3D icon, isometric, soft studio lighting, subtle soft drop shadow, transparent background, glossy rounded style, centered, 1:1, no text no logo no watermark, of a picnic mat"
"door-curtain-01","방문발","생활용품","A bright clean premium 3D icon, isometric, soft studio lighting, subtle soft drop shadow, transparent background, glossy rounded style, centered, 1:1, no text no logo no watermark, of a door curtain"
"entrance-mat-01","현관매트","생활용품","A bright clean premium 3D icon, isometric, soft studio lighting, subtle soft drop shadow, transparent background, glossy rounded style, centered, 1:1, no text no logo no watermark, of a entrance mat"
"shoe-organizer-01","신발정리대","생활용품","A bright clean premium 3D icon, isometric, soft studio lighting, subtle soft drop shadow, transparent background, glossy rounded style, centered, 1:1, no text no logo no watermark, of a shoe organizer"
"wall-pocket-organizer-01","벽걸이수납포켓","생활용품","A bright clean premium 3D icon, isometric, soft studio lighting, subtle soft drop shadow, transparent background, glossy rounded style, centered, 1:1, no text no logo no watermark, of a wall pocket organizer"
"clothing-rod-01","옷정리압축봉","생활용품","A bright clean premium 3D icon, isometric, soft studio lighting, subtle soft drop shadow, transparent background, glossy rounded style, centered, 1:1, no text no logo no watermark, of a clothing rod"
"clothespin-box-01","빨래집게통","생활용품","A bright clean premium 3D icon, isometric, soft studio lighting, subtle soft drop shadow, transparent background, glossy rounded style, centered, 1:1, no text no logo no watermark, of a clothespin box"
"recycle-bin-set-01","재활용분리함","생활용품","A bright clean premium 3D icon, isometric, soft studio lighting, subtle soft drop shadow, transparent background, glossy rounded style, centered, 1:1, no text no logo no watermark, of a recycle bin set"
"trash-can-01","쓰레기통","생활용품","A bright clean premium 3D icon, isometric, soft studio lighting, subtle soft drop shadow, transparent background, glossy rounded style, centered, 1:1, no text no logo no watermark, of a trash can"
"large-trash-bin-01","대형쓰레기통","생활용품","A bright clean premium 3D icon, isometric, soft studio lighting, subtle soft drop shadow, transparent background, glossy rounded style, centered, 1:1, no text no logo no watermark, of a large trash bin"
"diffuser-01","방향제디퓨저","생활용품","A bright clean premium 3D icon, isometric, soft studio lighting, subtle soft drop shadow, transparent background, glossy rounded style, centered, 1:1, no text no logo no watermark, of a diffuser"
"room-humidifier-01","가습기생활","생활용품","A bright clean premium 3D icon, isometric, soft studio lighting, subtle soft drop shadow, transparent background, glossy rounded style, centered, 1:1, no text no logo no watermark, of a room humidifier"
"hygrometer-01","실내온습도계","생활용품","A bright clean premium 3D icon, isometric, soft studio lighting, subtle soft drop shadow, transparent background, glossy rounded style, centered, 1:1, no text no logo no watermark, of a hygrometer"
"door-draft-stopper-01","문틈방풍재","생활용품","A bright clean premium 3D icon, isometric, soft studio lighting, subtle soft drop shadow, transparent background, glossy rounded style, centered, 1:1, no text no logo no watermark, of a door draft stopper"
"mini-desk-fan-01","미니선풍기생활","생활용품","A bright clean premium 3D icon, isometric, soft studio lighting, subtle soft drop shadow, transparent background, glossy rounded style, centered, 1:1, no text no logo no watermark, of a mini desk fan"
"desk-organizer-01","탁상용정리함","생활용품","A bright clean premium 3D icon, isometric, soft studio lighting, subtle soft drop shadow, transparent background, glossy rounded style, centered, 1:1, no text no logo no watermark, of a desk organizer"
"pill-organizer-01","약통정리함","생활용품","A bright clean premium 3D icon, isometric, soft studio lighting, subtle soft drop shadow, transparent background, glossy rounded style, centered, 1:1, no text no logo no watermark, of a pill organizer"
"laundry-net-set-01","세탁망세트","생활용품","A bright clean premium 3D icon, isometric, soft studio lighting, subtle soft drop shadow, transparent background, glossy rounded style, centered, 1:1, no text no logo no watermark, of a laundry net set"
"travel-pouch-set-01","여행용파우치","생활용품","A bright clean premium 3D icon, isometric, soft studio lighting, subtle soft drop shadow, transparent background, glossy rounded style, centered, 1:1, no text no logo no watermark, of a travel pouch set"
"utility-basket-01","다용도바구니","생활용품","A bright clean premium 3D icon, isometric, soft studio lighting, subtle soft drop shadow, transparent background, glossy rounded style, centered, 1:1, no text no logo no watermark, of a utility basket"
"suitcase-01","여행가방","생활용품","A bright clean premium 3D icon, isometric, soft studio lighting, subtle soft drop shadow, transparent background, glossy rounded style, centered, 1:1, no text no logo no watermark, of a suitcase"
"photo-frame-01","액자","생활용품","A bright clean premium 3D icon, isometric, soft studio lighting, subtle soft drop shadow, transparent background, glossy rounded style, centered, 1:1, no text no logo no watermark, of a photo frame"
"cleaning-tool-set-01","청소도구세트","청소용품","A bright clean premium 3D icon, isometric, soft studio lighting, subtle soft drop shadow, transparent background, glossy rounded style, centered, 1:1, no text no logo no watermark, of a cleaning tool set"
"broom-dustpan-set-01","빗자루쓰레받기","청소용품","A bright clean premium 3D icon, isometric, soft studio lighting, subtle soft drop shadow, transparent background, glossy rounded style, centered, 1:1, no text no logo no watermark, of a broom dustpan set"
"mop-01","대걸레","청소용품","A bright clean premium 3D icon, isometric, soft studio lighting, subtle soft drop shadow, transparent background, glossy rounded style, centered, 1:1, no text no logo no watermark, of a mop"
"spin-mop-01","회전밀대걸레","청소용품","A bright clean premium 3D icon, isometric, soft studio lighting, subtle soft drop shadow, transparent background, glossy rounded style, centered, 1:1, no text no logo no watermark, of a spin mop"
"steam-mop-pad-01","스팀걸레","청소용품","A bright clean premium 3D icon, isometric, soft studio lighting, subtle soft drop shadow, transparent background, glossy rounded style, centered, 1:1, no text no logo no watermark, of a steam mop pad"
"window-squeegee-01","유리창청소기","청소용품","A bright clean premium 3D icon, isometric, soft studio lighting, subtle soft drop shadow, transparent background, glossy rounded style, centered, 1:1, no text no logo no watermark, of a window squeegee"
"duster-01","먼지떨이","청소용품","A bright clean premium 3D icon, isometric, soft studio lighting, subtle soft drop shadow, transparent background, glossy rounded style, centered, 1:1, no text no logo no watermark, of a duster"
"cleaning-brush-set-01","청소솔세트","청소용품","A bright clean premium 3D icon, isometric, soft studio lighting, subtle soft drop shadow, transparent background, glossy rounded style, centered, 1:1, no text no logo no watermark, of a cleaning brush set"
"cleaning-bucket-01","양동이","청소용품","A bright clean premium 3D icon, isometric, soft studio lighting, subtle soft drop shadow, transparent background, glossy rounded style, centered, 1:1, no text no logo no watermark, of a cleaning bucket"
"floor-squeegee-01","물청소밀대","청소용품","A bright clean premium 3D icon, isometric, soft studio lighting, subtle soft drop shadow, transparent background, glossy rounded style, centered, 1:1, no text no logo no watermark, of a floor squeegee"
"cleaning-cart-01","세제수납카트","청소용품","A bright clean premium 3D icon, isometric, soft studio lighting, subtle soft drop shadow, transparent background, glossy rounded style, centered, 1:1, no text no logo no watermark, of a cleaning cart"
"dust-collector-01","진공청소포집기","청소용품","A bright clean premium 3D icon, isometric, soft studio lighting, subtle soft drop shadow, transparent background, glossy rounded style, centered, 1:1, no text no logo no watermark, of a dust collector"
"pressure-sprayer-01","압축분무기","청소용품","A bright clean premium 3D icon, isometric, soft studio lighting, subtle soft drop shadow, transparent background, glossy rounded style, centered, 1:1, no text no logo no watermark, of a pressure sprayer"
"spray-bottle-set-01","분무기세트","청소용품","A bright clean premium 3D icon, isometric, soft studio lighting, subtle soft drop shadow, transparent background, glossy rounded style, centered, 1:1, no text no logo no watermark, of a spray bottle set"
"rubber-glove-set-01","고무장갑세트","청소용품","A bright clean premium 3D icon, isometric, soft studio lighting, subtle soft drop shadow, transparent background, glossy rounded style, centered, 1:1, no text no logo no watermark, of a rubber glove set"
"cleaning-cloth-set-01","청소포행주","청소용품","A bright clean premium 3D icon, isometric, soft studio lighting, subtle soft drop shadow, transparent background, glossy rounded style, centered, 1:1, no text no logo no watermark, of a cleaning cloth set"
"microfiber-mop-01","극세사걸레","청소용품","A bright clean premium 3D icon, isometric, soft studio lighting, subtle soft drop shadow, transparent background, glossy rounded style, centered, 1:1, no text no logo no watermark, of a microfiber mop"
"toilet-brush-01","변기청소솔","청소용품","A bright clean premium 3D icon, isometric, soft studio lighting, subtle soft drop shadow, transparent background, glossy rounded style, centered, 1:1, no text no logo no watermark, of a toilet brush"
"drain-cleaning-tool-01","배수구청소도구","청소용품","A bright clean premium 3D icon, isometric, soft studio lighting, subtle soft drop shadow, transparent background, glossy rounded style, centered, 1:1, no text no logo no watermark, of a drain cleaning tool"
"ac-cleaning-spray-01","에어컨청소분사기","청소용품","A bright clean premium 3D icon, isometric, soft studio lighting, subtle soft drop shadow, transparent background, glossy rounded style, centered, 1:1, no text no logo no watermark, of a ac cleaning spray"
"carpet-brush-01","카펫청소솔","청소용품","A bright clean premium 3D icon, isometric, soft studio lighting, subtle soft drop shadow, transparent background, glossy rounded style, centered, 1:1, no text no logo no watermark, of a carpet brush"
"car-cleaning-set-01","차량청소도구세트","청소용품","A bright clean premium 3D icon, isometric, soft studio lighting, subtle soft drop shadow, transparent background, glossy rounded style, centered, 1:1, no text no logo no watermark, of a car cleaning set"
"pressure-washer-01","고압세척기","청소용품","A bright clean premium 3D icon, isometric, soft studio lighting, subtle soft drop shadow, transparent background, glossy rounded style, centered, 1:1, no text no logo no watermark, of a pressure washer"
"mop-refill-pad-01","물걸레교체패드","청소용품","A bright clean premium 3D icon, isometric, soft studio lighting, subtle soft drop shadow, transparent background, glossy rounded style, centered, 1:1, no text no logo no watermark, of a mop refill pad"
"vacuum-filter-01","청소기필터","청소용품","A bright clean premium 3D icon, isometric, soft studio lighting, subtle soft drop shadow, transparent background, glossy rounded style, centered, 1:1, no text no logo no watermark, of a vacuum filter"
"lint-roller-01","롤클리너","청소용품","A bright clean premium 3D icon, isometric, soft studio lighting, subtle soft drop shadow, transparent background, glossy rounded style, centered, 1:1, no text no logo no watermark, of a lint roller"
"dust-tape-01","먼지제거테이프","청소용품","A bright clean premium 3D icon, isometric, soft studio lighting, subtle soft drop shadow, transparent background, glossy rounded style, centered, 1:1, no text no logo no watermark, of a dust tape"
"long-handle-broom-01","빗자루장대","청소용품","A bright clean premium 3D icon, isometric, soft studio lighting, subtle soft drop shadow, transparent background, glossy rounded style, centered, 1:1, no text no logo no watermark, of a long handle broom"
"window-track-brush-01","창틀청소솔","청소용품","A bright clean premium 3D icon, isometric, soft studio lighting, subtle soft drop shadow, transparent background, glossy rounded style, centered, 1:1, no text no logo no watermark, of a window track brush"
"utility-scrub-brush-01","다용도세척솔","청소용품","A bright clean premium 3D icon, isometric, soft studio lighting, subtle soft drop shadow, transparent background, glossy rounded style, centered, 1:1, no text no logo no watermark, of a utility scrub brush"
"cleaning-step-stool-01","청소용사다리","청소용품","A bright clean premium 3D icon, isometric, soft studio lighting, subtle soft drop shadow, transparent background, glossy rounded style, centered, 1:1, no text no logo no watermark, of a cleaning step stool"
"trash-bag-holder-01","쓰레기봉투홀더","청소용품","A bright clean premium 3D icon, isometric, soft studio lighting, subtle soft drop shadow, transparent background, glossy rounded style, centered, 1:1, no text no logo no watermark, of a trash bag holder"
"recycle-tongs-01","재활용집게","청소용품","A bright clean premium 3D icon, isometric, soft studio lighting, subtle soft drop shadow, transparent background, glossy rounded style, centered, 1:1, no text no logo no watermark, of a recycle tongs"
"wax-applicator-01","바닥왁스도포기","청소용품","A bright clean premium 3D icon, isometric, soft studio lighting, subtle soft drop shadow, transparent background, glossy rounded style, centered, 1:1, no text no logo no watermark, of a wax applicator"
"carpet-cleaner-01","카펫세척기","청소용품","A bright clean premium 3D icon, isometric, soft studio lighting, subtle soft drop shadow, transparent background, glossy rounded style, centered, 1:1, no text no logo no watermark, of a carpet cleaner"
"dust-mite-cleaner-01","진드기제거기","청소용품","A bright clean premium 3D icon, isometric, soft studio lighting, subtle soft drop shadow, transparent background, glossy rounded style, centered, 1:1, no text no logo no watermark, of a dust mite cleaner"
"fan-cleaning-brush-01","환풍기청소솔","청소용품","A bright clean premium 3D icon, isometric, soft studio lighting, subtle soft drop shadow, transparent background, glossy rounded style, centered, 1:1, no text no logo no watermark, of a fan cleaning brush"
"cleaning-apron-01","청소용앞치마","청소용품","A bright clean premium 3D icon, isometric, soft studio lighting, subtle soft drop shadow, transparent background, glossy rounded style, centered, 1:1, no text no logo no watermark, of a cleaning apron"
"large-floor-mop-01","대형청소밀대","청소용품","A bright clean premium 3D icon, isometric, soft studio lighting, subtle soft drop shadow, transparent background, glossy rounded style, centered, 1:1, no text no logo no watermark, of a large floor mop"
"commercial-mop-01","업소용대걸레","청소용품","A bright clean premium 3D icon, isometric, soft studio lighting, subtle soft drop shadow, transparent background, glossy rounded style, centered, 1:1, no text no logo no watermark, of a commercial mop"
"mop-bucket-cart-01","청소용양동이카트","청소용품","A bright clean premium 3D icon, isometric, soft studio lighting, subtle soft drop shadow, transparent background, glossy rounded style, centered, 1:1, no text no logo no watermark, of a mop bucket cart"
"fine-dust-vacuum-01","미세먼지청소기","청소용품","A bright clean premium 3D icon, isometric, soft studio lighting, subtle soft drop shadow, transparent background, glossy rounded style, centered, 1:1, no text no logo no watermark, of a fine dust vacuum"
"disinfectant-sprayer-01","가정용소독분무기","청소용품","A bright clean premium 3D icon, isometric, soft studio lighting, subtle soft drop shadow, transparent background, glossy rounded style, centered, 1:1, no text no logo no watermark, of a disinfectant sprayer"
"cleaning-hose-01","청소용호스","청소용품","A bright clean premium 3D icon, isometric, soft studio lighting, subtle soft drop shadow, transparent background, glossy rounded style, centered, 1:1, no text no logo no watermark, of a cleaning hose"
"floor-polisher-01","바닥광택기","청소용품","A bright clean premium 3D icon, isometric, soft studio lighting, subtle soft drop shadow, transparent background, glossy rounded style, centered, 1:1, no text no logo no watermark, of a floor polisher"
"cleaning-ladder-01","청소용발판사다리","청소용품","A bright clean premium 3D icon, isometric, soft studio lighting, subtle soft drop shadow, transparent background, glossy rounded style, centered, 1:1, no text no logo no watermark, of a cleaning ladder"
"large-broom-set-01","빗자루세트대형","청소용품","A bright clean premium 3D icon, isometric, soft studio lighting, subtle soft drop shadow, transparent background, glossy rounded style, centered, 1:1, no text no logo no watermark, of a large broom set"
"dust-brush-attachment-01","먼지흡입브러시","청소용품","A bright clean premium 3D icon, isometric, soft studio lighting, subtle soft drop shadow, transparent background, glossy rounded style, centered, 1:1, no text no logo no watermark, of a dust brush attachment"
"mold-removal-brush-01","곰팡이제거솔","청소용품","A bright clean premium 3D icon, isometric, soft studio lighting, subtle soft drop shadow, transparent background, glossy rounded style, centered, 1:1, no text no logo no watermark, of a mold removal brush"
"cleaning-caddy-01","다용도청소통","청소용품","A bright clean premium 3D icon, isometric, soft studio lighting, subtle soft drop shadow, transparent background, glossy rounded style, centered, 1:1, no text no logo no watermark, of a cleaning caddy"
"cleaning-tools-01","청소도구","청소용품","A bright clean premium 3D icon, isometric, soft studio lighting, subtle soft drop shadow, transparent background, glossy rounded style, centered, 1:1, no text no logo no watermark, of a cleaning tools"
"treadmill-01","러닝머신","운동·레저용품","A bright clean premium 3D icon, isometric, soft studio lighting, subtle soft drop shadow, transparent background, glossy rounded style, centered, 1:1, no text no logo no watermark, of a treadmill"
"exercise-bike-01","실내자전거","운동·레저용품","A bright clean premium 3D icon, isometric, soft studio lighting, subtle soft drop shadow, transparent background, glossy rounded style, centered, 1:1, no text no logo no watermark, of a exercise bike"
"elliptical-machine-01","일립티컬","운동·레저용품","A bright clean premium 3D icon, isometric, soft studio lighting, subtle soft drop shadow, transparent background, glossy rounded style, centered, 1:1, no text no logo no watermark, of a elliptical machine"
"rowing-machine-01","로잉머신","운동·레저용품","A bright clean premium 3D icon, isometric, soft studio lighting, subtle soft drop shadow, transparent background, glossy rounded style, centered, 1:1, no text no logo no watermark, of a rowing machine"
"bench-press-01","벤치프레스","운동·레저용품","A bright clean premium 3D icon, isometric, soft studio lighting, subtle soft drop shadow, transparent background, glossy rounded style, centered, 1:1, no text no logo no watermark, of a bench press"
"dumbbell-set-01","덤벨세트","운동·레저용품","A bright clean premium 3D icon, isometric, soft studio lighting, subtle soft drop shadow, transparent background, glossy rounded style, centered, 1:1, no text no logo no watermark, of a dumbbell set"
"barbell-set-01","바벨세트","운동·레저용품","A bright clean premium 3D icon, isometric, soft studio lighting, subtle soft drop shadow, transparent background, glossy rounded style, centered, 1:1, no text no logo no watermark, of a barbell set"
"kettlebell-01","케틀벨","운동·레저용품","A bright clean premium 3D icon, isometric, soft studio lighting, subtle soft drop shadow, transparent background, glossy rounded style, centered, 1:1, no text no logo no watermark, of a kettlebell"
"yoga-mat-01","요가매트","운동·레저용품","A bright clean premium 3D icon, isometric, soft studio lighting, subtle soft drop shadow, transparent background, glossy rounded style, centered, 1:1, no text no logo no watermark, of a yoga mat"
"foam-roller-01","폼롤러","운동·레저용품","A bright clean premium 3D icon, isometric, soft studio lighting, subtle soft drop shadow, transparent background, glossy rounded style, centered, 1:1, no text no logo no watermark, of a foam roller"
"gym-ball-01","짐볼","운동·레저용품","A bright clean premium 3D icon, isometric, soft studio lighting, subtle soft drop shadow, transparent background, glossy rounded style, centered, 1:1, no text no logo no watermark, of a gym ball"
"pull-up-bar-01","철봉","운동·레저용품","A bright clean premium 3D icon, isometric, soft studio lighting, subtle soft drop shadow, transparent background, glossy rounded style, centered, 1:1, no text no logo no watermark, of a pull up bar"
"push-up-bar-01","푸쉬업바","운동·레저용품","A bright clean premium 3D icon, isometric, soft studio lighting, subtle soft drop shadow, transparent background, glossy rounded style, centered, 1:1, no text no logo no watermark, of a push up bar"
"stepper-01","스텝퍼","운동·레저용품","A bright clean premium 3D icon, isometric, soft studio lighting, subtle soft drop shadow, transparent background, glossy rounded style, centered, 1:1, no text no logo no watermark, of a stepper"
"hula-hoop-01","훌라후프","운동·레저용품","A bright clean premium 3D icon, isometric, soft studio lighting, subtle soft drop shadow, transparent background, glossy rounded style, centered, 1:1, no text no logo no watermark, of a hula hoop"
"jump-rope-01","줄넘기","운동·레저용품","A bright clean premium 3D icon, isometric, soft studio lighting, subtle soft drop shadow, transparent background, glossy rounded style, centered, 1:1, no text no logo no watermark, of a jump rope"
"punching-bag-01","복싱샌드백","운동·레저용품","A bright clean premium 3D icon, isometric, soft studio lighting, subtle soft drop shadow, transparent background, glossy rounded style, centered, 1:1, no text no logo no watermark, of a punching bag"
"body-composition-scale-01","인바디체중계","운동·레저용품","A bright clean premium 3D icon, isometric, soft studio lighting, subtle soft drop shadow, transparent background, glossy rounded style, centered, 1:1, no text no logo no watermark, of a body composition scale"
"massage-roller-01","안마롤러","운동·레저용품","A bright clean premium 3D icon, isometric, soft studio lighting, subtle soft drop shadow, transparent background, glossy rounded style, centered, 1:1, no text no logo no watermark, of a massage roller"
"weight-bench-01","헬스벤치","운동·레저용품","A bright clean premium 3D icon, isometric, soft studio lighting, subtle soft drop shadow, transparent background, glossy rounded style, centered, 1:1, no text no logo no watermark, of a weight bench"
"power-rack-01","파워랙","운동·레저용품","A bright clean premium 3D icon, isometric, soft studio lighting, subtle soft drop shadow, transparent background, glossy rounded style, centered, 1:1, no text no logo no watermark, of a power rack"
"golf-bag-01","골프가방","운동·레저용품","A bright clean premium 3D icon, isometric, soft studio lighting, subtle soft drop shadow, transparent background, glossy rounded style, centered, 1:1, no text no logo no watermark, of a golf bag"
"golf-club-set-01","골프채세트","운동·레저용품","A bright clean premium 3D icon, isometric, soft studio lighting, subtle soft drop shadow, transparent background, glossy rounded style, centered, 1:1, no text no logo no watermark, of a golf club set"
"golf-practice-mat-01","골프연습매트","운동·레저용품","A bright clean premium 3D icon, isometric, soft studio lighting, subtle soft drop shadow, transparent background, glossy rounded style, centered, 1:1, no text no logo no watermark, of a golf practice mat"
"screen-golf-set-01","스크린골프기기","운동·레저용품","A bright clean premium 3D icon, isometric, soft studio lighting, subtle soft drop shadow, transparent background, glossy rounded style, centered, 1:1, no text no logo no watermark, of a screen golf set"
"table-tennis-table-01","탁구대","운동·레저용품","A bright clean premium 3D icon, isometric, soft studio lighting, subtle soft drop shadow, transparent background, glossy rounded style, centered, 1:1, no text no logo no watermark, of a table tennis table"
"billiard-table-01","당구대","운동·레저용품","A bright clean premium 3D icon, isometric, soft studio lighting, subtle soft drop shadow, transparent background, glossy rounded style, centered, 1:1, no text no logo no watermark, of a billiard table"
"dart-board-01","다트판","운동·레저용품","A bright clean premium 3D icon, isometric, soft studio lighting, subtle soft drop shadow, transparent background, glossy rounded style, centered, 1:1, no text no logo no watermark, of a dart board"
"basketball-hoop-01","농구골대","운동·레저용품","A bright clean premium 3D icon, isometric, soft studio lighting, subtle soft drop shadow, transparent background, glossy rounded style, centered, 1:1, no text no logo no watermark, of a basketball hoop"
"badminton-set-01","배드민턴세트","운동·레저용품","A bright clean premium 3D icon, isometric, soft studio lighting, subtle soft drop shadow, transparent background, glossy rounded style, centered, 1:1, no text no logo no watermark, of a badminton set"
"tennis-racket-set-01","테니스라켓세트","운동·레저용품","A bright clean premium 3D icon, isometric, soft studio lighting, subtle soft drop shadow, transparent background, glossy rounded style, centered, 1:1, no text no logo no watermark, of a tennis racket set"
"baseball-set-01","야구배트글러브","운동·레저용품","A bright clean premium 3D icon, isometric, soft studio lighting, subtle soft drop shadow, transparent background, glossy rounded style, centered, 1:1, no text no logo no watermark, of a baseball set"
"soccer-ball-set-01","축구공세트","운동·레저용품","A bright clean premium 3D icon, isometric, soft studio lighting, subtle soft drop shadow, transparent background, glossy rounded style, centered, 1:1, no text no logo no watermark, of a soccer ball set"
"ski-equipment-set-01","스키용품세트","운동·레저용품","A bright clean premium 3D icon, isometric, soft studio lighting, subtle soft drop shadow, transparent background, glossy rounded style, centered, 1:1, no text no logo no watermark, of a ski equipment set"
"snowboard-01","스노보드","운동·레저용품","A bright clean premium 3D icon, isometric, soft studio lighting, subtle soft drop shadow, transparent background, glossy rounded style, centered, 1:1, no text no logo no watermark, of a snowboard"
"board-bag-01","보드가방","운동·레저용품","A bright clean premium 3D icon, isometric, soft studio lighting, subtle soft drop shadow, transparent background, glossy rounded style, centered, 1:1, no text no logo no watermark, of a board bag"
"inline-skates-01","인라인스케이트","운동·레저용품","A bright clean premium 3D icon, isometric, soft studio lighting, subtle soft drop shadow, transparent background, glossy rounded style, centered, 1:1, no text no logo no watermark, of a inline skates"
"kick-scooter-01","킥보드","운동·레저용품","A bright clean premium 3D icon, isometric, soft studio lighting, subtle soft drop shadow, transparent background, glossy rounded style, centered, 1:1, no text no logo no watermark, of a kick scooter"
"electric-scooter-01","전동킥보드","운동·레저용품","A bright clean premium 3D icon, isometric, soft studio lighting, subtle soft drop shadow, transparent background, glossy rounded style, centered, 1:1, no text no logo no watermark, of a electric scooter"
"bicycle-01","자전거","운동·레저용품","A bright clean premium 3D icon, isometric, soft studio lighting, subtle soft drop shadow, transparent background, glossy rounded style, centered, 1:1, no text no logo no watermark, of a bicycle"
"road-bike-01","로드자전거","운동·레저용품","A bright clean premium 3D icon, isometric, soft studio lighting, subtle soft drop shadow, transparent background, glossy rounded style, centered, 1:1, no text no logo no watermark, of a road bike"
"mountain-bike-01","MTB자전거","운동·레저용품","A bright clean premium 3D icon, isometric, soft studio lighting, subtle soft drop shadow, transparent background, glossy rounded style, centered, 1:1, no text no logo no watermark, of a mountain bike"
"electric-bicycle-01","전기자전거","운동·레저용품","A bright clean premium 3D icon, isometric, soft studio lighting, subtle soft drop shadow, transparent background, glossy rounded style, centered, 1:1, no text no logo no watermark, of a electric bicycle"
"tricycle-01","세발자전거","운동·레저용품","A bright clean premium 3D icon, isometric, soft studio lighting, subtle soft drop shadow, transparent background, glossy rounded style, centered, 1:1, no text no logo no watermark, of a tricycle"
"helmet-pad-set-01","헬멧보호대세트","운동·레저용품","A bright clean premium 3D icon, isometric, soft studio lighting, subtle soft drop shadow, transparent background, glossy rounded style, centered, 1:1, no text no logo no watermark, of a helmet pad set"
"surfboard-01","서핑보드","운동·레저용품","A bright clean premium 3D icon, isometric, soft studio lighting, subtle soft drop shadow, transparent background, glossy rounded style, centered, 1:1, no text no logo no watermark, of a surfboard"
"kayak-01","카약","운동·레저용품","A bright clean premium 3D icon, isometric, soft studio lighting, subtle soft drop shadow, transparent background, glossy rounded style, centered, 1:1, no text no logo no watermark, of a kayak"
"paddle-board-01","패들보드","운동·레저용품","A bright clean premium 3D icon, isometric, soft studio lighting, subtle soft drop shadow, transparent background, glossy rounded style, centered, 1:1, no text no logo no watermark, of a paddle board"
"hiking-backpack-01","등산배낭","운동·레저용품","A bright clean premium 3D icon, isometric, soft studio lighting, subtle soft drop shadow, transparent background, glossy rounded style, centered, 1:1, no text no logo no watermark, of a hiking backpack"
"fitness-storage-rack-01","운동기구정리랙","운동·레저용품","A bright clean premium 3D icon, isometric, soft studio lighting, subtle soft drop shadow, transparent background, glossy rounded style, centered, 1:1, no text no logo no watermark, of a fitness storage rack"
"ski-gear-01","스키용품","운동·레저용품","A bright clean premium 3D icon, isometric, soft studio lighting, subtle soft drop shadow, transparent background, glossy rounded style, centered, 1:1, no text no logo no watermark, of a ski gear"
"tent-01","텐트","캠핑용품","A bright clean premium 3D icon, isometric, soft studio lighting, subtle soft drop shadow, transparent background, glossy rounded style, centered, 1:1, no text no logo no watermark, of a tent"
"large-tent-01","대형텐트","캠핑용품","A bright clean premium 3D icon, isometric, soft studio lighting, subtle soft drop shadow, transparent background, glossy rounded style, centered, 1:1, no text no logo no watermark, of a large tent"
"pop-up-tent-01","원터치텐트","캠핑용품","A bright clean premium 3D icon, isometric, soft studio lighting, subtle soft drop shadow, transparent background, glossy rounded style, centered, 1:1, no text no logo no watermark, of a pop up tent"
"tarp-01","타프","캠핑용품","A bright clean premium 3D icon, isometric, soft studio lighting, subtle soft drop shadow, transparent background, glossy rounded style, centered, 1:1, no text no logo no watermark, of a tarp"
"camping-chair-01","캠핑의자","캠핑용품","A bright clean premium 3D icon, isometric, soft studio lighting, subtle soft drop shadow, transparent background, glossy rounded style, centered, 1:1, no text no logo no watermark, of a camping chair"
"camping-table-01","캠핑테이블","캠핑용품","A bright clean premium 3D icon, isometric, soft studio lighting, subtle soft drop shadow, transparent background, glossy rounded style, centered, 1:1, no text no logo no watermark, of a camping table"
"folding-box-01","폴딩박스","캠핑용품","A bright clean premium 3D icon, isometric, soft studio lighting, subtle soft drop shadow, transparent background, glossy rounded style, centered, 1:1, no text no logo no watermark, of a folding box"
"cooler-box-01","아이스박스","캠핑용품","A bright clean premium 3D icon, isometric, soft studio lighting, subtle soft drop shadow, transparent background, glossy rounded style, centered, 1:1, no text no logo no watermark, of a cooler box"
"camping-cot-01","캠핑침대","캠핑용품","A bright clean premium 3D icon, isometric, soft studio lighting, subtle soft drop shadow, transparent background, glossy rounded style, centered, 1:1, no text no logo no watermark, of a camping cot"
"air-mattress-01","에어매트","캠핑용품","A bright clean premium 3D icon, isometric, soft studio lighting, subtle soft drop shadow, transparent background, glossy rounded style, centered, 1:1, no text no logo no watermark, of a air mattress"
"sleeping-bag-01","침낭","캠핑용품","A bright clean premium 3D icon, isometric, soft studio lighting, subtle soft drop shadow, transparent background, glossy rounded style, centered, 1:1, no text no logo no watermark, of a sleeping bag"
"camping-lantern-01","캠핑랜턴","캠핑용품","A bright clean premium 3D icon, isometric, soft studio lighting, subtle soft drop shadow, transparent background, glossy rounded style, centered, 1:1, no text no logo no watermark, of a camping lantern"
"head-lamp-01","헤드랜턴","캠핑용품","A bright clean premium 3D icon, isometric, soft studio lighting, subtle soft drop shadow, transparent background, glossy rounded style, centered, 1:1, no text no logo no watermark, of a head lamp"
"camping-stove-01","버너","캠핑용품","A bright clean premium 3D icon, isometric, soft studio lighting, subtle soft drop shadow, transparent background, glossy rounded style, centered, 1:1, no text no logo no watermark, of a camping stove"
"gas-torch-01","가스토치","캠핑용품","A bright clean premium 3D icon, isometric, soft studio lighting, subtle soft drop shadow, transparent background, glossy rounded style, centered, 1:1, no text no logo no watermark, of a gas torch"
"fire-pit-stand-01","화로대","캠핑용품","A bright clean premium 3D icon, isometric, soft studio lighting, subtle soft drop shadow, transparent background, glossy rounded style, centered, 1:1, no text no logo no watermark, of a fire pit stand"
"grill-net-set-01","그릴망세트","캠핑용품","A bright clean premium 3D icon, isometric, soft studio lighting, subtle soft drop shadow, transparent background, glossy rounded style, centered, 1:1, no text no logo no watermark, of a grill net set"
"camping-cookware-01","캠핑코펠","캠핑용품","A bright clean premium 3D icon, isometric, soft studio lighting, subtle soft drop shadow, transparent background, glossy rounded style, centered, 1:1, no text no logo no watermark, of a camping cookware"
"camping-dish-set-01","캠핑식기세트","캠핑용품","A bright clean premium 3D icon, isometric, soft studio lighting, subtle soft drop shadow, transparent background, glossy rounded style, centered, 1:1, no text no logo no watermark, of a camping dish set"
"camping-kettle-01","캠핑주전자","캠핑용품","A bright clean premium 3D icon, isometric, soft studio lighting, subtle soft drop shadow, transparent background, glossy rounded style, centered, 1:1, no text no logo no watermark, of a camping kettle"
"camping-knife-board-01","캠핑칼도마","캠핑용품","A bright clean premium 3D icon, isometric, soft studio lighting, subtle soft drop shadow, transparent background, glossy rounded style, centered, 1:1, no text no logo no watermark, of a camping knife board"
"camping-storage-cabinet-01","캠핑수납장","캠핑용품","A bright clean premium 3D icon, isometric, soft studio lighting, subtle soft drop shadow, transparent background, glossy rounded style, centered, 1:1, no text no logo no watermark, of a camping storage cabinet"
"camping-wagon-01","캠핑카트","캠핑용품","A bright clean premium 3D icon, isometric, soft studio lighting, subtle soft drop shadow, transparent background, glossy rounded style, centered, 1:1, no text no logo no watermark, of a camping wagon"
"camping-shelf-01","캠핑선반","캠핑용품","A bright clean premium 3D icon, isometric, soft studio lighting, subtle soft drop shadow, transparent background, glossy rounded style, centered, 1:1, no text no logo no watermark, of a camping shelf"
"camping-hanger-01","캠핑행어","캠핑용품","A bright clean premium 3D icon, isometric, soft studio lighting, subtle soft drop shadow, transparent background, glossy rounded style, centered, 1:1, no text no logo no watermark, of a camping hanger"
"folding-wagon-01","폴딩웨건","캠핑용품","A bright clean premium 3D icon, isometric, soft studio lighting, subtle soft drop shadow, transparent background, glossy rounded style, centered, 1:1, no text no logo no watermark, of a folding wagon"
"camping-mat-01","캠핑매트","캠핑용품","A bright clean premium 3D icon, isometric, soft studio lighting, subtle soft drop shadow, transparent background, glossy rounded style, centered, 1:1, no text no logo no watermark, of a camping mat"
"roll-table-01","롤테이블","캠핑용품","A bright clean premium 3D icon, isometric, soft studio lighting, subtle soft drop shadow, transparent background, glossy rounded style, centered, 1:1, no text no logo no watermark, of a roll table"
"camping-heater-01","캠핑난로","캠핑용품","A bright clean premium 3D icon, isometric, soft studio lighting, subtle soft drop shadow, transparent background, glossy rounded style, centered, 1:1, no text no logo no watermark, of a camping heater"
"camping-fan-heater-01","캠핑팬히터","캠핑용품","A bright clean premium 3D icon, isometric, soft studio lighting, subtle soft drop shadow, transparent background, glossy rounded style, centered, 1:1, no text no logo no watermark, of a camping fan heater"
"camping-fan-01","캠핑선풍기","캠핑용품","A bright clean premium 3D icon, isometric, soft studio lighting, subtle soft drop shadow, transparent background, glossy rounded style, centered, 1:1, no text no logo no watermark, of a camping fan"
"camping-light-stand-01","캠핑전등스탠드","캠핑용품","A bright clean premium 3D icon, isometric, soft studio lighting, subtle soft drop shadow, transparent background, glossy rounded style, centered, 1:1, no text no logo no watermark, of a camping light stand"
"tarp-pole-01","타프폴대","캠핑용품","A bright clean premium 3D icon, isometric, soft studio lighting, subtle soft drop shadow, transparent background, glossy rounded style, centered, 1:1, no text no logo no watermark, of a tarp pole"
"peg-hammer-set-01","팩망치세트","캠핑용품","A bright clean premium 3D icon, isometric, soft studio lighting, subtle soft drop shadow, transparent background, glossy rounded style, centered, 1:1, no text no logo no watermark, of a peg hammer set"
"camping-parasol-01","캠핑파라솔","캠핑용품","A bright clean premium 3D icon, isometric, soft studio lighting, subtle soft drop shadow, transparent background, glossy rounded style, centered, 1:1, no text no logo no watermark, of a camping parasol"
"hammock-01","해먹","캠핑용품","A bright clean premium 3D icon, isometric, soft studio lighting, subtle soft drop shadow, transparent background, glossy rounded style, centered, 1:1, no text no logo no watermark, of a hammock"
"camping-shade-01","캠핑그늘막","캠핑용품","A bright clean premium 3D icon, isometric, soft studio lighting, subtle soft drop shadow, transparent background, glossy rounded style, centered, 1:1, no text no logo no watermark, of a camping shade"
"camping-generator-01","캠핑발전기","캠핑용품","A bright clean premium 3D icon, isometric, soft studio lighting, subtle soft drop shadow, transparent background, glossy rounded style, centered, 1:1, no text no logo no watermark, of a camping generator"
"portable-power-station-01","파워뱅크대용량","캠핑용품","A bright clean premium 3D icon, isometric, soft studio lighting, subtle soft drop shadow, transparent background, glossy rounded style, centered, 1:1, no text no logo no watermark, of a portable power station"
"portable-camping-shower-01","캠핑샤워기","캠핑용품","A bright clean premium 3D icon, isometric, soft studio lighting, subtle soft drop shadow, transparent background, glossy rounded style, centered, 1:1, no text no logo no watermark, of a portable camping shower"
"camping-water-filter-01","캠핑정수기","캠핑용품","A bright clean premium 3D icon, isometric, soft studio lighting, subtle soft drop shadow, transparent background, glossy rounded style, centered, 1:1, no text no logo no watermark, of a camping water filter"
"camping-toilet-tent-01","캠핑화장실텐트","캠핑용품","A bright clean premium 3D icon, isometric, soft studio lighting, subtle soft drop shadow, transparent background, glossy rounded style, centered, 1:1, no text no logo no watermark, of a camping toilet tent"
"camping-kitchen-stand-01","캠핑조리대","캠핑용품","A bright clean premium 3D icon, isometric, soft studio lighting, subtle soft drop shadow, transparent background, glossy rounded style, centered, 1:1, no text no logo no watermark, of a camping kitchen stand"
"camping-cooler-bag-01","캠핑용쿨러가방","캠핑용품","A bright clean premium 3D icon, isometric, soft studio lighting, subtle soft drop shadow, transparent background, glossy rounded style, centered, 1:1, no text no logo no watermark, of a camping cooler bag"
"fuel-canister-01","캠핑연료통","캠핑용품","A bright clean premium 3D icon, isometric, soft studio lighting, subtle soft drop shadow, transparent background, glossy rounded style, centered, 1:1, no text no logo no watermark, of a fuel canister"
"camping-axe-saw-set-01","캠핑도끼톱세트","캠핑용품","A bright clean premium 3D icon, isometric, soft studio lighting, subtle soft drop shadow, transparent background, glossy rounded style, centered, 1:1, no text no logo no watermark, of a camping axe saw set"
"camping-table-set-01","캠핑테이블세트","캠핑용품","A bright clean premium 3D icon, isometric, soft studio lighting, subtle soft drop shadow, transparent background, glossy rounded style, centered, 1:1, no text no logo no watermark, of a camping table set"
"car-camping-mat-01","차박매트","캠핑용품","A bright clean premium 3D icon, isometric, soft studio lighting, subtle soft drop shadow, transparent background, glossy rounded style, centered, 1:1, no text no logo no watermark, of a car camping mat"
"rooftop-tent-01","루프탑텐트","캠핑용품","A bright clean premium 3D icon, isometric, soft studio lighting, subtle soft drop shadow, transparent background, glossy rounded style, centered, 1:1, no text no logo no watermark, of a rooftop tent"
"camping-duffel-bag-01","캠핑수납가방","캠핑용품","A bright clean premium 3D icon, isometric, soft studio lighting, subtle soft drop shadow, transparent background, glossy rounded style, centered, 1:1, no text no logo no watermark, of a camping duffel bag"
"dog-house-01","강아지집","반려동물용품","A bright clean premium 3D icon, isometric, soft studio lighting, subtle soft drop shadow, transparent background, glossy rounded style, centered, 1:1, no text no logo no watermark, of a dog house"
"cat-house-01","고양이집","반려동물용품","A bright clean premium 3D icon, isometric, soft studio lighting, subtle soft drop shadow, transparent background, glossy rounded style, centered, 1:1, no text no logo no watermark, of a cat house"
"large-pet-house-01","애견하우스대형","반려동물용품","A bright clean premium 3D icon, isometric, soft studio lighting, subtle soft drop shadow, transparent background, glossy rounded style, centered, 1:1, no text no logo no watermark, of a large pet house"
"cat-tower-01","캣타워","반려동물용품","A bright clean premium 3D icon, isometric, soft studio lighting, subtle soft drop shadow, transparent background, glossy rounded style, centered, 1:1, no text no logo no watermark, of a cat tower"
"large-cat-tower-01","대형캣타워","반려동물용품","A bright clean premium 3D icon, isometric, soft studio lighting, subtle soft drop shadow, transparent background, glossy rounded style, centered, 1:1, no text no logo no watermark, of a large cat tower"
"pet-fence-01","애견울타리","반려동물용품","A bright clean premium 3D icon, isometric, soft studio lighting, subtle soft drop shadow, transparent background, glossy rounded style, centered, 1:1, no text no logo no watermark, of a pet fence"
"pet-kennel-01","반려동물켄넬","반려동물용품","A bright clean premium 3D icon, isometric, soft studio lighting, subtle soft drop shadow, transparent background, glossy rounded style, centered, 1:1, no text no logo no watermark, of a pet kennel"
"pet-carrier-01","이동장","반려동물용품","A bright clean premium 3D icon, isometric, soft studio lighting, subtle soft drop shadow, transparent background, glossy rounded style, centered, 1:1, no text no logo no watermark, of a pet carrier"
"large-pet-carrier-01","대형이동장","반려동물용품","A bright clean premium 3D icon, isometric, soft studio lighting, subtle soft drop shadow, transparent background, glossy rounded style, centered, 1:1, no text no logo no watermark, of a large pet carrier"
"pet-stroller-01","반려동물유모차","반려동물용품","A bright clean premium 3D icon, isometric, soft studio lighting, subtle soft drop shadow, transparent background, glossy rounded style, centered, 1:1, no text no logo no watermark, of a pet stroller"
"pet-cushion-01","강아지방석","반려동물용품","A bright clean premium 3D icon, isometric, soft studio lighting, subtle soft drop shadow, transparent background, glossy rounded style, centered, 1:1, no text no logo no watermark, of a pet cushion"
"pet-bed-01","펫침대","반려동물용품","A bright clean premium 3D icon, isometric, soft studio lighting, subtle soft drop shadow, transparent background, glossy rounded style, centered, 1:1, no text no logo no watermark, of a pet bed"
"large-pet-cushion-01","대형펫쿠션","반려동물용품","A bright clean premium 3D icon, isometric, soft studio lighting, subtle soft drop shadow, transparent background, glossy rounded style, centered, 1:1, no text no logo no watermark, of a large pet cushion"
"pet-food-container-01","사료통","반려동물용품","A bright clean premium 3D icon, isometric, soft studio lighting, subtle soft drop shadow, transparent background, glossy rounded style, centered, 1:1, no text no logo no watermark, of a pet food container"
"automatic-feeder-01","자동급식기","반려동물용품","A bright clean premium 3D icon, isometric, soft studio lighting, subtle soft drop shadow, transparent background, glossy rounded style, centered, 1:1, no text no logo no watermark, of a automatic feeder"
"automatic-water-dispenser-01","자동급수기","반려동물용품","A bright clean premium 3D icon, isometric, soft studio lighting, subtle soft drop shadow, transparent background, glossy rounded style, centered, 1:1, no text no logo no watermark, of a automatic water dispenser"
"pet-feeding-stand-01","급식대","반려동물용품","A bright clean premium 3D icon, isometric, soft studio lighting, subtle soft drop shadow, transparent background, glossy rounded style, centered, 1:1, no text no logo no watermark, of a pet feeding stand"
"cat-litter-box-01","고양이화장실","반려동물용품","A bright clean premium 3D icon, isometric, soft studio lighting, subtle soft drop shadow, transparent background, glossy rounded style, centered, 1:1, no text no logo no watermark, of a cat litter box"
"automatic-litter-box-01","자동고양이화장실","반려동물용품","A bright clean premium 3D icon, isometric, soft studio lighting, subtle soft drop shadow, transparent background, glossy rounded style, centered, 1:1, no text no logo no watermark, of a automatic litter box"
"dog-potty-tray-01","강아지배변판","반려동물용품","A bright clean premium 3D icon, isometric, soft studio lighting, subtle soft drop shadow, transparent background, glossy rounded style, centered, 1:1, no text no logo no watermark, of a dog potty tray"
"pet-stairs-01","펫계단","반려동물용품","A bright clean premium 3D icon, isometric, soft studio lighting, subtle soft drop shadow, transparent background, glossy rounded style, centered, 1:1, no text no logo no watermark, of a pet stairs"
"pet-car-seat-01","펫카시트","반려동물용품","A bright clean premium 3D icon, isometric, soft studio lighting, subtle soft drop shadow, transparent background, glossy rounded style, centered, 1:1, no text no logo no watermark, of a pet car seat"
"pet-bathtub-01","반려동물목욕조","반려동물용품","A bright clean premium 3D icon, isometric, soft studio lighting, subtle soft drop shadow, transparent background, glossy rounded style, centered, 1:1, no text no logo no watermark, of a pet bathtub"
"pet-dry-room-01","펫드라이룸","반려동물용품","A bright clean premium 3D icon, isometric, soft studio lighting, subtle soft drop shadow, transparent background, glossy rounded style, centered, 1:1, no text no logo no watermark, of a pet dry room"
"pet-dryer-01","펫드라이어","반려동물용품","A bright clean premium 3D icon, isometric, soft studio lighting, subtle soft drop shadow, transparent background, glossy rounded style, centered, 1:1, no text no logo no watermark, of a pet dryer"
"pet-clothes-box-01","강아지옷수납함","반려동물용품","A bright clean premium 3D icon, isometric, soft studio lighting, subtle soft drop shadow, transparent background, glossy rounded style, centered, 1:1, no text no logo no watermark, of a pet clothes box"
"pet-toy-basket-01","장난감바구니펫","반려동물용품","A bright clean premium 3D icon, isometric, soft studio lighting, subtle soft drop shadow, transparent background, glossy rounded style, centered, 1:1, no text no logo no watermark, of a pet toy basket"
"cat-scratcher-01","스크래처","반려동물용품","A bright clean premium 3D icon, isometric, soft studio lighting, subtle soft drop shadow, transparent background, glossy rounded style, centered, 1:1, no text no logo no watermark, of a cat scratcher"
"hamster-cage-01","햄스터케이지","반려동물용품","A bright clean premium 3D icon, isometric, soft studio lighting, subtle soft drop shadow, transparent background, glossy rounded style, centered, 1:1, no text no logo no watermark, of a hamster cage"
"bird-cage-01","새장","반려동물용품","A bright clean premium 3D icon, isometric, soft studio lighting, subtle soft drop shadow, transparent background, glossy rounded style, centered, 1:1, no text no logo no watermark, of a bird cage"
"large-bird-cage-01","대형새장","반려동물용품","A bright clean premium 3D icon, isometric, soft studio lighting, subtle soft drop shadow, transparent background, glossy rounded style, centered, 1:1, no text no logo no watermark, of a large bird cage"
"fish-tank-01","어항","반려동물용품","A bright clean premium 3D icon, isometric, soft studio lighting, subtle soft drop shadow, transparent background, glossy rounded style, centered, 1:1, no text no logo no watermark, of a fish tank"
"large-aquarium-01","대형어항","반려동물용품","A bright clean premium 3D icon, isometric, soft studio lighting, subtle soft drop shadow, transparent background, glossy rounded style, centered, 1:1, no text no logo no watermark, of a large aquarium"
"aquarium-stand-01","수조받침대","반려동물용품","A bright clean premium 3D icon, isometric, soft studio lighting, subtle soft drop shadow, transparent background, glossy rounded style, centered, 1:1, no text no logo no watermark, of a aquarium stand"
"reptile-terrarium-01","파충류사육장","반려동물용품","A bright clean premium 3D icon, isometric, soft studio lighting, subtle soft drop shadow, transparent background, glossy rounded style, centered, 1:1, no text no logo no watermark, of a reptile terrarium"
"large-dog-bed-01","강아지방석대형","반려동물용품","A bright clean premium 3D icon, isometric, soft studio lighting, subtle soft drop shadow, transparent background, glossy rounded style, centered, 1:1, no text no logo no watermark, of a large dog bed"
"pet-mat-01","펫매트","반려동물용품","A bright clean premium 3D icon, isometric, soft studio lighting, subtle soft drop shadow, transparent background, glossy rounded style, centered, 1:1, no text no logo no watermark, of a pet mat"
"large-pet-playpen-01","반려동물휀스대형","반려동물용품","A bright clean premium 3D icon, isometric, soft studio lighting, subtle soft drop shadow, transparent background, glossy rounded style, centered, 1:1, no text no logo no watermark, of a large pet playpen"
"pet-treat-jar-01","펫간식보관함","반려동물용품","A bright clean premium 3D icon, isometric, soft studio lighting, subtle soft drop shadow, transparent background, glossy rounded style, centered, 1:1, no text no logo no watermark, of a pet treat jar"
"leash-holder-01","강아지리드줄정리","반려동물용품","A bright clean premium 3D icon, isometric, soft studio lighting, subtle soft drop shadow, transparent background, glossy rounded style, centered, 1:1, no text no logo no watermark, of a leash holder"
"pet-shower-head-01","펫샤워기","반려동물용품","A bright clean premium 3D icon, isometric, soft studio lighting, subtle soft drop shadow, transparent background, glossy rounded style, centered, 1:1, no text no logo no watermark, of a pet shower head"
"cat-tunnel-01","고양이터널","반려동물용품","A bright clean premium 3D icon, isometric, soft studio lighting, subtle soft drop shadow, transparent background, glossy rounded style, centered, 1:1, no text no logo no watermark, of a cat tunnel"
"pet-running-wheel-01","펫런닝휠","반려동물용품","A bright clean premium 3D icon, isometric, soft studio lighting, subtle soft drop shadow, transparent background, glossy rounded style, centered, 1:1, no text no logo no watermark, of a pet running wheel"
"pet-play-mat-01","강아지운동장매트","반려동물용품","A bright clean premium 3D icon, isometric, soft studio lighting, subtle soft drop shadow, transparent background, glossy rounded style, centered, 1:1, no text no logo no watermark, of a pet play mat"
"pet-water-fountain-01","펫정수기","반려동물용품","A bright clean premium 3D icon, isometric, soft studio lighting, subtle soft drop shadow, transparent background, glossy rounded style, centered, 1:1, no text no logo no watermark, of a pet water fountain"
"pet-scale-01","펫체중계","반려동물용품","A bright clean premium 3D icon, isometric, soft studio lighting, subtle soft drop shadow, transparent background, glossy rounded style, centered, 1:1, no text no logo no watermark, of a pet scale"
"pet-sling-bag-01","반려동물이동가방","반려동물용품","A bright clean premium 3D icon, isometric, soft studio lighting, subtle soft drop shadow, transparent background, glossy rounded style, centered, 1:1, no text no logo no watermark, of a pet sling bag"
"pet-step-storage-01","강아지계단수납","반려동물용품","A bright clean premium 3D icon, isometric, soft studio lighting, subtle soft drop shadow, transparent background, glossy rounded style, centered, 1:1, no text no logo no watermark, of a pet step storage"
"pet-tent-01","펫하우스텐트","반려동물용품","A bright clean premium 3D icon, isometric, soft studio lighting, subtle soft drop shadow, transparent background, glossy rounded style, centered, 1:1, no text no logo no watermark, of a pet tent"
"cat-pole-01","캣폴","반려동물용품","A bright clean premium 3D icon, isometric, soft studio lighting, subtle soft drop shadow, transparent background, glossy rounded style, centered, 1:1, no text no logo no watermark, of a cat pole"
"moving-box-01","이삿짐박스","기타 이삿짐 및 폐기물","A bright clean premium 3D icon, isometric, soft studio lighting, subtle soft drop shadow, transparent background, glossy rounded style, centered, 1:1, no text no logo no watermark, of a moving box"
"large-moving-box-01","대형이삿짐박스","기타 이삿짐 및 폐기물","A bright clean premium 3D icon, isometric, soft studio lighting, subtle soft drop shadow, transparent background, glossy rounded style, centered, 1:1, no text no logo no watermark, of a large moving box"
"wardrobe-box-01","의류박스","기타 이삿짐 및 폐기물","A bright clean premium 3D icon, isometric, soft studio lighting, subtle soft drop shadow, transparent background, glossy rounded style, centered, 1:1, no text no logo no watermark, of a wardrobe box"
"vacuum-plastic-bag-01","압축비닐봉투","기타 이삿짐 및 폐기물","A bright clean premium 3D icon, isometric, soft studio lighting, subtle soft drop shadow, transparent background, glossy rounded style, centered, 1:1, no text no logo no watermark, of a vacuum plastic bag"
"large-plastic-bag-01","비닐봉투대형","기타 이삿짐 및 폐기물","A bright clean premium 3D icon, isometric, soft studio lighting, subtle soft drop shadow, transparent background, glossy rounded style, centered, 1:1, no text no logo no watermark, of a large plastic bag"
"bubble-wrap-roll-01","뽁뽁이완충재","기타 이삿짐 및 폐기물","A bright clean premium 3D icon, isometric, soft studio lighting, subtle soft drop shadow, transparent background, glossy rounded style, centered, 1:1, no text no logo no watermark, of a bubble wrap roll"
"packing-tape-01","이사용테이프","기타 이삿짐 및 폐기물","A bright clean premium 3D icon, isometric, soft studio lighting, subtle soft drop shadow, transparent background, glossy rounded style, centered, 1:1, no text no logo no watermark, of a packing tape"
"waste-appliance-01","폐가전","기타 이삿짐 및 폐기물","A bright clean premium 3D icon, isometric, soft studio lighting, subtle soft drop shadow, transparent background, glossy rounded style, centered, 1:1, no text no logo no watermark, of a waste appliance"
"waste-furniture-01","폐가구","기타 이삿짐 및 폐기물","A bright clean premium 3D icon, isometric, soft studio lighting, subtle soft drop shadow, transparent background, glossy rounded style, centered, 1:1, no text no logo no watermark, of a waste furniture"
"waste-refrigerator-01","폐냉장고","기타 이삿짐 및 폐기물","A bright clean premium 3D icon, isometric, soft studio lighting, subtle soft drop shadow, transparent background, glossy rounded style, centered, 1:1, no text no logo no watermark, of a waste refrigerator"
"waste-tv-01","폐TV","기타 이삿짐 및 폐기물","A bright clean premium 3D icon, isometric, soft studio lighting, subtle soft drop shadow, transparent background, glossy rounded style, centered, 1:1, no text no logo no watermark, of a waste tv"
"waste-mattress-01","폐매트리스","기타 이삿짐 및 폐기물","A bright clean premium 3D icon, isometric, soft studio lighting, subtle soft drop shadow, transparent background, glossy rounded style, centered, 1:1, no text no logo no watermark, of a waste mattress"
"waste-sofa-01","폐소파","기타 이삿짐 및 폐기물","A bright clean premium 3D icon, isometric, soft studio lighting, subtle soft drop shadow, transparent background, glossy rounded style, centered, 1:1, no text no logo no watermark, of a waste sofa"
"waste-bed-01","폐침대","기타 이삿짐 및 폐기물","A bright clean premium 3D icon, isometric, soft studio lighting, subtle soft drop shadow, transparent background, glossy rounded style, centered, 1:1, no text no logo no watermark, of a waste bed"
"waste-desk-01","폐책상","기타 이삿짐 및 폐기물","A bright clean premium 3D icon, isometric, soft studio lighting, subtle soft drop shadow, transparent background, glossy rounded style, centered, 1:1, no text no logo no watermark, of a waste desk"
"bulky-waste-01","대형폐기물","기타 이삿짐 및 폐기물","A bright clean premium 3D icon, isometric, soft studio lighting, subtle soft drop shadow, transparent background, glossy rounded style, centered, 1:1, no text no logo no watermark, of a bulky waste"
"waste-wood-01","폐목재","기타 이삿짐 및 폐기물","A bright clean premium 3D icon, isometric, soft studio lighting, subtle soft drop shadow, transparent background, glossy rounded style, centered, 1:1, no text no logo no watermark, of a waste wood"
"demolition-debris-01","철거잔재","기타 이삿짐 및 폐기물","A bright clean premium 3D icon, isometric, soft studio lighting, subtle soft drop shadow, transparent background, glossy rounded style, centered, 1:1, no text no logo no watermark, of a demolition debris"
"recycling-bundle-01","재활용품묶음","기타 이삿짐 및 폐기물","A bright clean premium 3D icon, isometric, soft studio lighting, subtle soft drop shadow, transparent background, glossy rounded style, centered, 1:1, no text no logo no watermark, of a recycling bundle"
"old-clothes-bag-01","헌옷수거","기타 이삿짐 및 폐기물","A bright clean premium 3D icon, isometric, soft studio lighting, subtle soft drop shadow, transparent background, glossy rounded style, centered, 1:1, no text no logo no watermark, of a old clothes bag"
"waste-paper-bundle-01","폐지묶음","기타 이삿짐 및 폐기물","A bright clean premium 3D icon, isometric, soft studio lighting, subtle soft drop shadow, transparent background, glossy rounded style, centered, 1:1, no text no logo no watermark, of a waste paper bundle"
"scrap-metal-01","고철","기타 이삿짐 및 폐기물","A bright clean premium 3D icon, isometric, soft studio lighting, subtle soft drop shadow, transparent background, glossy rounded style, centered, 1:1, no text no logo no watermark, of a scrap metal"
"waste-air-conditioner-01","폐가전에어컨","기타 이삿짐 및 폐기물","A bright clean premium 3D icon, isometric, soft studio lighting, subtle soft drop shadow, transparent background, glossy rounded style, centered, 1:1, no text no logo no watermark, of a waste air conditioner"
"waste-washing-machine-01","폐세탁기","기타 이삿짐 및 폐기물","A bright clean premium 3D icon, isometric, soft studio lighting, subtle soft drop shadow, transparent background, glossy rounded style, centered, 1:1, no text no logo no watermark, of a waste washing machine"
"waste-dryer-01","폐건조기","기타 이삿짐 및 폐기물","A bright clean premium 3D icon, isometric, soft studio lighting, subtle soft drop shadow, transparent background, glossy rounded style, centered, 1:1, no text no logo no watermark, of a waste dryer"
"waste-wardrobe-01","폐장롱","기타 이삿짐 및 폐기물","A bright clean premium 3D icon, isometric, soft studio lighting, subtle soft drop shadow, transparent background, glossy rounded style, centered, 1:1, no text no logo no watermark, of a waste wardrobe"
"waste-flower-pot-01","화분폐기","기타 이삿짐 및 폐기물","A bright clean premium 3D icon, isometric, soft studio lighting, subtle soft drop shadow, transparent background, glossy rounded style, centered, 1:1, no text no logo no watermark, of a waste flower pot"
"waste-piano-01","폐피아노","기타 이삿짐 및 폐기물","A bright clean premium 3D icon, isometric, soft studio lighting, subtle soft drop shadow, transparent background, glossy rounded style, centered, 1:1, no text no logo no watermark, of a waste piano"
"waste-fitness-equipment-01","폐운동기구","기타 이삿짐 및 폐기물","A bright clean premium 3D icon, isometric, soft studio lighting, subtle soft drop shadow, transparent background, glossy rounded style, centered, 1:1, no text no logo no watermark, of a waste fitness equipment"
"garden-tools-01","정원용품","기타 이삿짐 및 폐기물","A bright clean premium 3D icon, isometric, soft studio lighting, subtle soft drop shadow, transparent background, glossy rounded style, centered, 1:1, no text no logo no watermark, of a garden tools"
"lawn-mower-01","잔디깎이","기타 이삿짐 및 폐기물","A bright clean premium 3D icon, isometric, soft studio lighting, subtle soft drop shadow, transparent background, glossy rounded style, centered, 1:1, no text no logo no watermark, of a lawn mower"
"ladder-01","사다리","기타 이삿짐 및 폐기물","A bright clean premium 3D icon, isometric, soft studio lighting, subtle soft drop shadow, transparent background, glossy rounded style, centered, 1:1, no text no logo no watermark, of a ladder"
"folding-ladder-01","접이식사다리","기타 이삿짐 및 폐기물","A bright clean premium 3D icon, isometric, soft studio lighting, subtle soft drop shadow, transparent background, glossy rounded style, centered, 1:1, no text no logo no watermark, of a folding ladder"
"toolbox-01","공구함","기타 이삿짐 및 폐기물","A bright clean premium 3D icon, isometric, soft studio lighting, subtle soft drop shadow, transparent background, glossy rounded style, centered, 1:1, no text no logo no watermark, of a toolbox"
"large-toolbox-01","대형공구함","기타 이삿짐 및 폐기물","A bright clean premium 3D icon, isometric, soft studio lighting, subtle soft drop shadow, transparent background, glossy rounded style, centered, 1:1, no text no logo no watermark, of a large toolbox"
"tool-set-01","작업공구세트","기타 이삿짐 및 폐기물","A bright clean premium 3D icon, isometric, soft studio lighting, subtle soft drop shadow, transparent background, glossy rounded style, centered, 1:1, no text no logo no watermark, of a tool set"
"power-drill-set-01","전동드릴세트","기타 이삿짐 및 폐기물","A bright clean premium 3D icon, isometric, soft studio lighting, subtle soft drop shadow, transparent background, glossy rounded style, centered, 1:1, no text no logo no watermark, of a power drill set"
"paint-tool-set-01","페인트도구세트","기타 이삿짐 및 폐기물","A bright clean premium 3D icon, isometric, soft studio lighting, subtle soft drop shadow, transparent background, glossy rounded style, centered, 1:1, no text no logo no watermark, of a paint tool set"
"large-potted-plant-01","화분식물대형","기타 이삿짐 및 폐기물","A bright clean premium 3D icon, isometric, soft studio lighting, subtle soft drop shadow, transparent background, glossy rounded style, centered, 1:1, no text no logo no watermark, of a large potted plant"
"earthenware-jar-01","장독대항아리","기타 이삿짐 및 폐기물","A bright clean premium 3D icon, isometric, soft studio lighting, subtle soft drop shadow, transparent background, glossy rounded style, centered, 1:1, no text no logo no watermark, of a earthenware jar"
"kimjang-jar-01","김장독","기타 이삿짐 및 폐기물","A bright clean premium 3D icon, isometric, soft studio lighting, subtle soft drop shadow, transparent background, glossy rounded style, centered, 1:1, no text no logo no watermark, of a kimjang jar"
"garden-planter-01","대형화분정원","기타 이삿짐 및 폐기물","A bright clean premium 3D icon, isometric, soft studio lighting, subtle soft drop shadow, transparent background, glossy rounded style, centered, 1:1, no text no logo no watermark, of a garden planter"
"bike-rack-01","자전거거치대","기타 이삿짐 및 폐기물","A bright clean premium 3D icon, isometric, soft studio lighting, subtle soft drop shadow, transparent background, glossy rounded style, centered, 1:1, no text no logo no watermark, of a bike rack"
"warehouse-shelf-01","창고선반","기타 이삿짐 및 폐기물","A bright clean premium 3D icon, isometric, soft studio lighting, subtle soft drop shadow, transparent background, glossy rounded style, centered, 1:1, no text no logo no watermark, of a warehouse shelf"
"waste-tire-01","폐타이어","기타 이삿짐 및 폐기물","A bright clean premium 3D icon, isometric, soft studio lighting, subtle soft drop shadow, transparent background, glossy rounded style, centered, 1:1, no text no logo no watermark, of a waste tire"
"waste-sack-01","이사폐기물자루","기타 이삿짐 및 폐기물","A bright clean premium 3D icon, isometric, soft studio lighting, subtle soft drop shadow, transparent background, glossy rounded style, centered, 1:1, no text no logo no watermark, of a waste sack"
"waste-mirror-01","대형거울폐기","기타 이삿짐 및 폐기물","A bright clean premium 3D icon, isometric, soft studio lighting, subtle soft drop shadow, transparent background, glossy rounded style, centered, 1:1, no text no logo no watermark, of a waste mirror"
"waste-carpet-01","폐카펫","기타 이삿짐 및 폐기물","A bright clean premium 3D icon, isometric, soft studio lighting, subtle soft drop shadow, transparent background, glossy rounded style, centered, 1:1, no text no logo no watermark, of a waste carpet"
"waste-bicycle-01","폐자전거","기타 이삿짐 및 폐기물","A bright clean premium 3D icon, isometric, soft studio lighting, subtle soft drop shadow, transparent background, glossy rounded style, centered, 1:1, no text no logo no watermark, of a waste bicycle"
"misc-box-01","기타잡화박스","기타 이삿짐 및 폐기물","A bright clean premium 3D icon, isometric, soft studio lighting, subtle soft drop shadow, transparent background, glossy rounded style, centered, 1:1, no text no logo no watermark, of a misc box"
"general-waste-01","폐기물","기타 이삿짐 및 폐기물","A bright clean premium 3D icon, isometric, soft studio lighting, subtle soft drop shadow, transparent background, glossy rounded style, centered, 1:1, no text no logo no watermark, of a general waste"
